운동명,운동방법,개요
덤벨 컬,"1. 긴장을 풀고 덤벨을 듭니다. 이때 어깨는 내리고 팔꿈치를 몸통(옆구리)에 밀착하듯이 붙여줍니다.
사실 몸통에 너무 붙이는 것도 좋지는 않지만 어찌 되었건 팔꿈치를 쓰지 않고 최대한 

이두근만을 쓰기 위해서는 덤벨을 들어올릴때 옆구리에 팔꿈치를 붙이는 것이(고립) 좋습니다.





2. 이두근으로만 들어올린다고 생각하면서 천천히 덤벨을 들어올립니다. 

덤벨을 들어올릴때에는 손목도 신경써주는것이 좋습니다. 

대다수가 무거운 무게의 덤벨을 선택하셔서 운동을 하시기 때문에 

손목이 꺾이면서 올릴 가능성이 크죠. 

고로 제발 덤벨컬할때에는 고중량을 칠 생각하지 마세요 ㅜㅜ

고중량 저반복은 이두가 자랄 희망이 현저히 낮다 싶을때 

해도 됩니다.

무조건 처음엔 저중량 고반복이 효과적입니다.







3. 들어올리는 동작에서 90도 이상으로 올릴때에는 손을 안쪽으로 비틀면서 

이두근에 힘을주며 아주 쥐어짠다라는 느낌으로 들어올리면 운동효과가 더 좋지만 

왠만하면 처음부터 90도 이상으로 들어올리는건 비추합니다. ","아령(덤벨)을 들고 팔을 굽히는 운동이다. 주 타격부위는 이두근 이며 보조로 삼각근 전면과 전완근이 쓰인다. 바벨 컬이 사이즈를 키우는데 더 유리한 운동이라면 덤벨 컬은 양쪽 이두근의 균형잡힌 발달과 높은 범용성의 장점이 있다.
"
해머 컬,"1. 손 간격은 어깨 넓이로

정자세를 취하고 팔을 늘어 뜨린 뒤 덤벨을 뉴트럴그립(손바닥이 마주보게)으로 잡으시면 시작 자세입니다.



2. 발 간격을 어깨 넓이로 벌린 뒤 허리에 힘을 주고 몸을 단단하게 고정하기

운동을 진행하면서 자세가 흐트러지지 않게 하기 위함입니다.



3. 팔꿈치를 옆구리에 고정시키대 완전히 붙이지는 말기.

팔꿈치를 옆구리에 고정시켜 자세의 안정함을 추구하여야 합니다.

다만 겨드랑이를 몸에 딱 밀착시킬정도로 붙이지는 말아야 합니다. ( 자세가 어색해집니다. )



4. 팔꿈치는 몸의 중앙부에서 조금 앞에 위치시키기

옆에서 봤을 때 몸 중앙부보다 조금 앞에 팔꿈치를 위치시키는게 자극을 느끼기에 훨씬 좋습니다.

( 팔꿈치를 뒤로 빼지말고 앞으로 위치시켜 무게 중심을 앞쪽에 두라는 말입니다. )



5. 몸을 조금 기울이기

몸을 조금 기울여서 무게중심을 앞쪽에 둔 상태로 운동을 진행하셔야 합니다. 이두근 자극을 느끼기가 훨씬 좋고 자세도 안정적입니다.



6. 올라갈 땐 비교적 빠르게, 내릴 때는 천천히

올라갈 땐 비교적 빠르게, 내릴 때는 천천히 내리셔야합니다.

보통 올렸다가 내릴 때 힘들어서 덤벨을 내던지듯이 빠르게 내리시는 분이 있습니다.

이럴 경우 팔에 긴장이 풀어져 이두근의 자극이 줄어들며 부상의 위험도 있습니다.

올릴 때 못지 않게 내릴때도 중요합니다.



7. 팔을 완전히 펴지 않기

85~95%정도만 팔을 펴는게 좋습니다.

팔을 완전히 펴는 경우 이두근의 긴장이 풀어져 자극이 줄어듭니다.



8. 반동을 이용하지 않기

반동을 이용하여 억지로 덤벨을 드시는 분들이 있습니다.

마치 춤추는듯이 말이죠. 이 경우 부상의 위험이 크고 자극도 굉장히 줄어듭니다.

몸을 조금 기울이고 지지한 상태로 반동없이 하셔야 자극이 잘됩니다.

반동을 이용하셔서 덤벨을 들 경우 고중량을 든거 같아 뿌듯하지만 그건 전신을 이용하여 든것일뿐 이두운동을 한 것이 아닙니다.



9. 반동을 적절히 활용하라

고중량 소화, 마지막 세트, 횟수 마지막에 강제반복을 하실경우 반동을 적절히 이용하면 좋습니다.

리듬을 이용하는 반동은 중량 소화에 도움을 주기 때문입니다. 그렇다고 춤추시면 안됩니다.



10. 한쪽팔씩 진행할 수도 있다?

왼팔,오른팔,왼팔,오른팔 번갈아가면서 들거나 왼팔,왼팔,왼팔 후 오른팔,오른팔,오른팔씩으로 들 수도 있습니다.

양손으로 진행할 때보다 한쪽팔씩 진행하면 조금 더 이두에 집중할 수 있습니다. ( 물론 저는 양손으로 합니다. 빨리 운동하고 집에 가야하므로... )



12. 앉아서 진행할 수도 있다

앉아서 진행할경우 서서 진행할때보다 이두근에 조금 더 집중할 수 있습니다. 다만 하체를 이용하지 않게되므로 중량은 줄어듭니다.

꼭 앉아서 운동해야 집중도가 올라가는것은 아닙니다. 앉아서 운동할 경우 어색한 자세가 나와 오히려 자극이 안되는경우가 있기 때문입니다.

앉아서, 일어서서 각각 진행해보시고 몸에 더 맞으신걸로 진행하시면 되겠습니다","이두는 바깥쪽 근육인 장두(옆모습에서 드러나는 이두)와 안쪽근육(뽀빠이자세를 취하며 팔에 힘줬을때 나오는 알통)인 단두로 나뉘는데요.

이중에서도 해머컬은 장두의 발달에 뛰어난 효과가 있는 운동입니다."
컨센트레이션 컬,"1. 벤치에 덤벨을 들고 다리를 V자로 넓게 벌려서 앉습니다.
2. 덤벨을 잡은 손의 윗팔을 안쪽 허벅지에 올려놓습니다. 반대쪽 손은 허벅지를 잡아서 자세를 지지합니다.
3. 몸통을 앞으로 기울입니다. 코어근육을 활성화하여 허리가 너무 굽지않게 합니다.
4. 호흡을 내쉬며 덤벨을 가슴까지 올립니다. 상단에서 끝까지 짜내면서 버티다가
4. 호흡을 들이쉬며 천천히 내립니다. 반복","상완이두근은 쉽게는 알통이라 부르기도 합니다.

팔꿈치를 구부렸을때 도드라지는 근육입니다.



상완이두근은 근육이 두갈래로 갈라져서 장두(긴갈래) 단두(짧은갈래)로 나누어 집니다.



상완이두근의 기능은 주관절(팔꿉관절)의 굴곡(굽힘)과 회외(뒤침)
견관절(어깨관절)의 외전(벌림)을 보조합니다."
컨벤셔널 데드리프트,"1.발의 가운데에 바를 두고, 무릎은 구부리지 말고, 정면에서 볼때 팔이 수직이 되도록 어깨 넓이로 잡습니다.
2.무릎을 구부리며 자세를 낮춥니다. 측면에서 볼때 겨드랑이 뒤쪽이 바벨의 수직선상이 됩니다.(어깨가 바벨보다 약간 앞으로 나갑니다. 어깨가 아닌 광배근을 사용하기 위해)
3.숨을 들이마셔셔 상체를 견고하게 만들고 바벨을 살짝 당겨 등을 조이고 호흡을 멈춘뒤 하체 힘으로 바닥을 밀어냅니다.
4.상체는 각도를 유지하고 엉덩이부터 솟구쳐 올라가면 안됩니다.  바벨이 무릎을 넘어가면
5.엉덩이와 햄스트링 힘으로 폭발적으로 상체를 세웁니다. 엉덩이를 조이고 몸이 중립이 되면서 동작 완료입니다. 어깨를 으쓱하거나 뒤로 기울면 안됩니다.
6.역순으로 내립니다. 엉덩이를 뒤로빼며 바벨을 무릎까지 내리고 그 후 무릎을 굽히면서 바벨을 바닥까지 내립니다.","컨벤셔널 데드리프트는 엉덩이 쪽 근육(둔근, 대둔근)과 햄스트링(허벅지 뒤쪽 근육), 기립근, 대퇴사두(허벅지 앞쪽 근육)에 자극을 줄수 있습니다."
루마니안 데드리프트,"1. 어깨너비보다 약간 넓게 다리를 벌리고 서서 어깨너비로 바벨을 잡고 등 상부를 아치형으로 만들어 준 다음 가슴을 내밀고 턱은 당겨주며 어깨는 뒤로 모읍니다.

 

2. 무릎을 살짝 구부리면서 바벨을 정강이까지 내린 다음 앞으로 숙이면서 복부와 등을 긴장시킨 다음 처음자세로 돌아옵니다.

 

3. 바벨은 몸과 최대한 가까이 붙어있어야하며, 바벨을 무릎 아래까지 수직으로 내립니다.

 

4. 무게중심을 발꿈치보다 발가락 쪽에 주며 내려갈 경우 등 상부의 자극을 더 느낄 수 있으며, 마무리 동작에서 어깨를 뒤로 모아주면 승모근의 자극을 더 느낄 수 있습니다.

 ","루마니안 데드리프트는 무릎을 거의 사용하지 않기 때문에 '허벅지 앞(대퇴사두근)'의 자극은 강하지 않습니다. 주로 엉덩이(둔근), 허벅지 뒤(햄스트링), 등(척추기립근, 광배근)의 발달에 좋습니다. 즉, 힙업 및 뒤태를 가꾸는데 좋은 운동입니다. 컨벤셔널 데드리프트보다 조금 더 광배근에 자극이 들어갑니다."
스모 데드리프트,"1.발을 어깨넓이보다 넓게 서고, 발끝이 바를 향하게 합니다.(힙의 Q-angle 최적화를 위해)
   이때 대퇴골과 무릎관절이 발가락과 일렬이 되야합니다.

2.엉덩이를 내리고 등을 똑바로 유지하며 어깨넓이로 바를 잡습니다.(사진은 얼터네이트 그립이네요, 보통 오버그립으로 합니다)
 보통은 컨벤셔널 데드리프트보다 약간 좁게 잡게 됩니다. 정강이는 지면과 수직으로 되면 가장 편하게 바를 잡을 수 있습니다.

3.등은 평평하게 하고 어깨는 중립위치로 두고 바 바로 위에 있으면 됩니다.
   가슴을 펴서 높게 들어 거울을 직접 마주하는 위치가 되면 됩니다. 엉덩이는 바 쪽으로 당깁니다.

4.하체 힘으로 바닥을 강하게 밀며 올라갑니다. 바가 앞으로 쏠리면 안되고 정강이에 가깝게 붙어서 올라가면 됩니다.

5.무릎을 지나며 엉덩이와 허리를 동시에 잠그며 몸을 중립으로 만듭니다. 그 후 역순으로 반복.","양쪽다리를 큰폭으로 벌려주고
발끝을 측면으로 향하게 하기때문에
가장 큰 효과는 내전근(허벅지안쪽부위)이며
힙라인과 햄스트링 척추기립근을 포함한
등라인의 근육을 단련시키는 동작입니다"
스티프 레그드 데드리프트,"운동방법
①데드리프트에서와 마찬가지로 바벨을 잡고, 일어나 바로 선 자세가 되게 합니다.


②하체를 펴 거의 잠근 상태로 유지하고, 허리에서부터 앞으로 숙이고
등을 곧게 펴서 몸통이 바닥과 거의 평행이 되도록 하고
바는 팔 길이로 늘어뜨립니다.

다시 몸을 곧게 세우고, 어깨를 뒤로 당기고 척추를 활처럼 굴곡지게 해서
하부 등의 척추기립근이 완전히 수축되도록 합니다.

 

주의사항

 

루마니안 데드리프트와 자세가 크게 다르지 않습니다.

스티프를 한다고 하는데 루마니안 자세가 나오는 분이 있고

루마니안을 한다고 하는데 스티프 자세가 나오는 분도 있습니다.
일반적인 데드리프트와 달리 하체의 도움을 받지 않기 때문에
이 운동을 할 때는 훨씬 가벼운 중량을 사용하게 될 것입니다.

허리는 항상 곧게 펴고, 가슴을 앞으로 내밀어 

등의 곡선이 아치형을 이루도록 해줘야 합니다.

머리를 숙이지 마시고, 시선은 정면을 바라보셔야

허리가 당겨져 자연스럽게 펴지게 됩니다.

 

스티프 레그드 데드리프트라는 말처럼

다리를 뻣뻣하게 해서 하는 데드리프트입니다.

그런데 스티프 레그드 데드리프트는

다리를 완전히 편 상태에서 실시하면 슬와부 근육 무리에 더 많은 자극이 주어지지만, 중심을 잡기 어렵고 허리에 지나치게 많은 부하가 걸리게 됩니다. 무릎을 살짝 굽히고, 조금 더 무거운 중량을 이용하여 훈련하는 것이 안전할 뿐 아니라 슬와부 근육에 주어지는 자극도 커집니다.",스티프 데드리프트의 효과는 하체 근육이다. 하체 근육 中에서 뒤에 자리잡고 있는 엉덩이와 허벅지 뒷쪽 햄스트링 근육 이 이번 운동 효과의 목적이 된다. 2차적으로 척추기립근의 강화 효과도 기대할 수 있다. 데드리프트 中 스티프와 루마니안 운동은 유사한 동작을 가지고 있다.
저쳐(제르세) 리프트,"저쳐 리프트를 시작하는 방법은 먼저 바벨 뒤에 서서 자리 잡는 것이다.

이 세팅 자세를 취하려면, 발을 어깨 보다 약간 적은 간격으로 바 뒤에 서 있는다.

발가락은 바깥으로 향해 약 45도를 취한다.

그 다음 스콰트 다운해서 허리를 굽히고 한 손으로 바를 잡는다.

 

그 손을 이용해서 몸을 당겨 동시에 다른 팔의 전완근을 바 밑으로 밀어 넣는다.

그리고 나서 처음 당겼던 팔을 같이 밀어 넣는다.

두 팔을 갈고리처럼 바에 걸었다면, 이제 준비 자세가 된 것이다.

 

바벨을 바닥에서 올릴 때 아주 엄격한 자세로 해야 한다. 바벨을 갑자기 휙 하고 올리면 안 된다.
그 이유는 허리가 굽어진 시작자세에서는 척추가 스트레칭 되어 길게 당겨져 있기 때문에

갑자기 올리면 회초리처럼 스냅을 주게 되는 효과가 생겨 허리를 다칠 우려가 있기 때문이다.

 

저쳐리프트에서 주의해야 할 또 다른 점은 허리에 걸리는 강한 포스다.

이 자세는 무게 중심이 데드리프트나 클린 보다 앞으로 쏠리기 때문에 허리에 더욱 신경을 써야 한다.","제르셔 스쿼트에서 중량을 팔꿈치 안에 들고 있으려면 강력한 코어 안정이 필요하므로, 다리와 복부를 동시에 자극할 수 있다."
클린 데드리프트,"1. 양손을 어깨너비 정도로 벌려서 지면에 있는 바벨을 잡는다. 이때 어깨관절과 바벨을 잡고 있는 양손이 수직선상에 위치한다. 

2. 양발은 골반너비로 벌려서 지면에 단단히 고정하고 코로 호흡을 마셔 복압을 유지하면서 등과 허리를 곧게 편다. 

3. 광배근 상부 등 근육을 활성화하고 양발로 지면을 밀어내는 느낌으로 둔근과 허벅지 전면 근육의 힘을 이용하여 바벨을 고관절까지 들어 올린다. 

4. 바벨은 몸에 최대한 붙여서 들어 올리고 무릎이 앞으로 밀리거나 뒤로 빠지지 않도록 주의한다. 

","후면 사슬(posterior chain)을 중점적으로 사용하는 파워리프팅 데드리프트와는 달리 허벅지의 개입도가 높다. 물론, 클린 데드리프트도 주동근은 후면사슬이다."
드래곤 플래그,"1. 튼튼한 기둥, 기둥 또는 벤치를 잡으려면 등을 대고 팔을 뒤로 뻗으십시오.
2. 어깨에 체중을 감을 때 엉덩이를 들어 올리십시오.
3. 발, 다리, 몸통을 들어서 한 직선으로 오십시오.
4. 어깨, 엉덩이 및 무릎이 정렬되도록 몸을 직선으로 가져옵니다. 목에 몸무게를 두지 마십시오. 어깨와 등 위의 무게를 유지하십시오.
5. 등은 몸의 바닥과 접촉해야하는 유일한 부분입니다.
6. 최대 10 초 동안 여기를 유지하십시오.
7. 몸이 바닥과 평행이 될 때까지 몸을 바닥으로 천천히 내려 가면서 코어와 엉덩이를 단단히 고정시킵니다.
8. 다리를 똑바로 똑바로 유지하십시오.
9. 도전을 위해, 당신은 몸을 땅 바로 위에서 잡고이 자세를 잡고 다시 들어 올릴 수 있습니다.
10. 5 회 5 회 반복하십시오.","이 운동은 코어와 복근의 근력을 강화시켜 주는데

척추에 붙어있는 지근(적색근, 지구력)을 발달시켜 척추를 강화하키고

몸의 밸런스를 잡아주며 자세르 바르게 하는데 효과가 좋은 운동이며

척추의 유연성을 증대시켜 주는데도 좋은 운동입니다."
딥스,"1. 봉 위에 올라간다.

2. 다리는 자연스럽게 땅에 떨어뜨린다. (높이가 낮으면 앞으로 살짝 무릎을 구부려도 된다.)

3. 견갑골을 하강·전인 한다. (위에 그림 참조)

4. 견갑골을 하강·전인하면 자연스럽게 등이 굽어지고 시선은 땅을 보게 된다.

5. 팔꿈치가 90도까지만 내려간다. (견갑골 거상·전인)

6. 견갑골을 하강·전인 하면서 강하게 올라간다.

7. 내려가는게 2 올라가는 게 1의 박자로 한다.","딥스 운동은 손목, 팔꿈치, 어깨 등의 관절이 운동에 관여하며, 관절을 튼튼하게 만드는데 도움이 됩니다. 또한, 코어 근육이 사용되기 때문에 견고한 상체를 만들 수 있는데요. 신체의 안정성을 더하고, 척추를 지지하며, 몸의 중심을 잡아줍니다."
사이드 레터럴 레이즈,"사이드 레터럴 레이즈를 할 때에는 서있는 자세부터 점검해야 합니다. 보통 사레레를 할 때 등부에 긴장을 해서 가슴을 열고 견갑을 조여놓고 동작하는 모습을 볼 수 있는데 이 자세를 유지할 수 있으면 나쁘지 않겠지만 하다보면 대부분 상하반동으로 인사를 열심히 하게 됩니다. 혹은 견갑을 열심히 풀었다 조였다 해서 승모근 운동을 적극적으로 하는 모습을 볼 수 있습니다. 사레레를 할 때에는 약간 앞으로 말린 듯한 자세를 취하는 것을 추천하는데, 측면 삼각근은 딱 옆에 붙어있지 않고 측면에서 살짝 사선으로 밑(삼각근조면)에 붙어있으므로 살짝 숙여주는 게 좋습니다. 보디빌딩 라인업 자세에서 약간 가슴 윗부분을 앞으로 숙여준 상태를 말합니다.  물론 상하반동을 안정적으로 제어하기 위해 다리를 뻣뻣하게 세우지 말고(가운데), 무릎을 살짝 구부리고 자연스럽게 엉덩이를 빼줍니다. 가끔 엉덩이를 빼라하면 스쿼트하듯이 고관절을 이동시키는 사람이 있는데 무릎을 살짝 굽히고 자연스럽게 무게중심을 위해 엉덩이가 움직이는 정도로 봐야 합니다.


 










덤벨을 잡고 덤벨을 바지 봉제선(주머니) 옆에 준비합니다. 보통 가동범위를 더 쓰기 위해 허벅지 앞에 두는 경우가 많은데 한 손씩 가동을 더 쓰기 위해서 하는 경우가 아닌 이상 저항을 이용해서 하위 지점에서 긴장이 풀리지 않게 몸의 측면 바지 봉제선 옆에서 움직임을 제어할 수 있도록 합니다. 간혹 덤벨을 몸에 붙이거나 덤벨끼리 붙여서 근육에 긴장을 풀고 새로 동작하는 경우들을 볼 수 있는데 내릴 때 앞으로 잘못내려 덤벨끼리 남자의 중요부위를 찌을 수 있으니 되도록 이런 자세를 피고 정 이자세가 좋다면 무게를 줄여서 하라 말씁드리고 싶습니다. 











덤벨을 잡은 후 어깨를 축 늘어뜨리지 말고 보디빌딩 라인업 자세(가슴을 펴고 상체가 긴장되있는 상태)를 만듭니다. 등부를 펴서 안정화시키고 승모근을 어깨를 임의적으로 내린다 생각하여 수축시키지 않도록 만들어 준 다음에 측면삼각근을 이용해서 들어 올릴 수 있도록 준비하는 것입니다. 덤벨을 잡기 전에 라인업 자세를 연습하고 해당 자세에서 어깨 근육을 수축시켜 팔꿈치를 들어 올리는 연습을 하도록 합니다.


 












주전자 따를 때 처럼? 보통 측면삼각근의 위치를 중량과 수직으로 맞추기 위해서 어깨를 내회전(따봉자세에서 엄지가 밑을보게하는)시켜서 주전자 따르듯이 하라고 합니다. 사실 이 상태가 우리가 스탠딩 자세에서 측면삼각근을 가장 잘 자극줄 수 있는 방법임은 분명합니다. 하지만, 많은 운동전문가들이 제시하는 어깨충돌증후군(Shoulder Impingement Syndrome-견봉과 상완골이 껴서 충돌하는 것)에 취약한 자세임에는 분명합니다. 어깨 관절은 견갑골과 상완골의 접합이고 근육, 인대를 기반으로 핏줄과 신경이 연결되어 있습니다. 주전자를 따르듯이 하면 측면 삼각근이 바닥과 수직이 되고 근육 발달에는 효과적이나 뼈 사이에 근육과 신경이 찝히게 되어 통증을 유발하는 움직임이라는 것입니다. 사레레는 어깨 발달을 위해 안 할 수가 없는 운동이기 때문에 많은 운동전문가들이 그에 대한 대안을 내놓고 있습니다. 개인적으로 팔을 일자로 만들고 내회전을 시키지 않은 상태에서 들어 올리는 동작을 추천합니다. 물론 다른 방법(상체를 앞으로 숙여 하는 방법 등)들도 있지만 가장 간편하고 안정된 동작으로 측면삼각근을 단련하는데에 좋기 때문입니다.











덤벨을 들어 올릴 때 팔을 거의 90도로 접어서 들어 올리는 사람이 있습니다. 측면삼각근 운동을 어깨부터 팔꿈치 운동이라고 하면서 덤벨을 쥔 전완을 전혀 무관한 듯이 말하는 경우가 있는데 그건 중량이 팔꿈치에 걸리는 머신 레터럴 레이즈의 경우에만 그렇다고 할 수 있습니다. 실제로 사이벡스나 라이프 피트니스에서 나오는 레터럴레이즈 머신을 보면 팔을 접고 운동하게 되어 있으나 중량이 손목이 아니라 팔꿈치에 걸려 있습니다. 계속 중요하게 말하고 있는 부분이 중량과 근육의 움직임 경로가 유사해야 한다는 것입니다.  팔을 90도로 접을 경우 측면삼각근의 움직임은 몸통과 평행하게 움직이지만 중량을 몸통에서 적어도 20cm는 떨어져서 움직이게 됩니다. 중량을 들 때는 우리 몸에 가까울 수록 힘쓰기 편하고 멀수록 힘이 많이 들어 어렵습니다. 팔꿈치는 구부려서 할 경우 숙련자가 아닌 이상 중량이 다른 곳으로 빠져 효율적으로 측면 삼각근을 발달 시킬 수 없습니다. 가장 좋은 방법은 중량이 측면삼각근에 그대로 실리게 하는 것으로 팔을 최대한 일자로 펴는 것이고 비교적 무거운 중량을 사용할 경우 팔꿈치에 오는 부담을 줄이기 위해 살짝(15도~45도) 구부리고 이두근의 힘을 이용해 자세를 잡아주고 어깨에 무게를 실어 주는 게 좋습니다.











들어올리는 높이에 있어서도 승모근 개입을 최소화하고 측면삼각근으로 들어 올리는 높이는 0~60도 정도로 60도 이상을 들어올리기 위해서는 승모근이 적극 개입되며 90도 이상에서는 거의 승모근 운동이라고 봐도 무방합니다. 가벼운 중량에서는 측면삼각근의 가동범위를 최대한 살리기 위해 90도인 어깨 높이 까지 들어 올리고 무거워 질수록 가동범위를 제한하여 60~70도 정도에서 반복합니다. ","사이드 레터럴 레이즈는 어깨의 측면에 붙어있는 측면 삼각근을 좀 더 체계적으로 단련할 수 있는 어깨운동으로, 집중적인 자극과 훈련이 가능해 어깨를 넓히고자 하는 사람에게 많은 찬사를 받고 있다."
랫 풀 다운,"1. 바를 어깨보다 약간 넓게 잡아줍니다.

2. 숨을 뱉으며 팔꿈치가 옆구리나 바닥을 찍는 느낌으로 약간 누우며 당겨줍니다.

3. 숨을 마시며 등의 이완을 느끼며 올라가줍니다.

4. 등의 수축과 이완을 느끼며 반복해줍니다.(10~15회 3세트)

?","턱걸이와 유사한 기능을 가진 수직 당기기 머신 운동.

보통 헬스 기계라고 했을 때 사람들이 펙 덱 플라이(버터플라이)와 함께 흔히 떠올리는 바로 그것이다.

lat은 광배근(latissimus dorsi)의 줄임말이다. 광배근으로 하는 풀 다운 운동이란 뜻으로 기구 이름에서부터 타깃 머슬과 운동 방식이 명확히 묻어난다."
런지,"1. 두 다리를 골반넓이 정도로 벌리고 선다

- 허리를 바르게 펴고 시선은 정면을 바라본다

2. 한 발을 평소 보폭보다 크게 내딛는다.

-시선은 정면 허리는 바르게 펴고 발은 사선이 아닌 정면으로 내딛습니다.

3. 내딛은 다리에 체중을 실어 무릎을 90도까지 굽혀 내려간다.

- 스쿼트 동작에서 무릎이 발끝을 넘어가지 말라는 얘기를 많이들 들어보셨을 텐데 런지 시에 체중을 발 앞꿈치에 실으시면 무게중심이 앞으로 쏠려 무릎 관절에 손상을 줄 수 있습니다. 반대쪽 무릎이 바닥에 닫기 직전까지 내려갑니다.

4. 제자리로 돌아온다

- 내딛은 다리로 밀어내며 처음의 1번 자세로 돌아옵니다. 이때 허벅지 안쪽 내전근이 자극됩니다.

5. 반대쪽도 동일하게 시행한다.","런지를 하는 동안 엉덩이근육, 배근육, 넙다리네갈래근, 허벅지뒤근육 등이 작용한다. 또한 종아리 근육은 발목의 안정성과 움직입을 제공하기 위해 사용된다."
레그 프레스,"* 머리, 등, 엉덩이가 등받침패드에 단단히 밀착 고정되어야 합니다. 

      등받침이 허리를 지지해주기 때문에 허리통증으로 인해 스쿼트(squat)를 시행할 수 없는 환자도 하체단련을 할 수 있습니다

* 의자 양 옆의 손잡이를 잡아야 합니다.

* 허벅지(대퇴)와 종아리(하지)는 직각이 되어야 하며

* 허벅지(대퇴)와 발판은 평행이 되도록 의자의 위치를 조정 합니다.

* 발은 엉덩이(어깨) 너비로 벌려 발판의 중간에 위치시키고 바깥으로 약간 벌립니다.

* 엉덩이와 무릎관절을 천천히 펴면서 발판을 앞으로 밉니다. 

* 이 때 양측 허벅지와 종아리는 평행한 상태를 유지해야하며 안쪽이나 바깥쪽으로 움직이면 안됩니다.

* 무릎이 완전히 펴질때까지 밀어야 하나 lock (허벅지 앞쪽 근육에 힘을 주지 않고도 무게를 버티는 상태)시키면 안됩니다. 



되돌아올 때 (전방운동시 forward movement)

* 엉덩이와 무릎관절을 천천히 굽히면서 시작자세로 되돌아 옵니다.

* 머리, 어깨 , 등, 엉덩이를 패드에 밀착하여 균등하게 압력을 가하도록 유지하여야 합니다.
","레그프레스 운동을 통해 트레이닝 되는 근육은 

일차적으로는 대퇴앞쪽의 대퇴사두근 이며 (갈색 부분)

이차적으로는 엉덩이근육(대둔근, 녹색부분), 대퇴뒷편의 근육(햄스트링, 파란색부분). 대퇴내전근 입니다."
바벨 로우,"1. 팔을 귀옆으로 붙힌다.

2. 렛풀다운 하듯 일직선상으로 그대로 내려온다. ( 어깨와 견갑골을 내려주면서 광배근 자극시키기!! )

3. 그상태에서 바벨로우 자세로 팔을 내려준다.

4. 상체는 약 35도정도 숙여준다.(이때도 하체를 약간 구부려주세요!! 그래야 허리에 무리가 덜갑니다. )

5. 그 상태에서 바벨을 허벅지에 붙혀준다.

6. 상체를 세워주면서 바벨을 당겨준다.( 이때 바벨이 허벅지를 타고 올라와야합니다. )

7. 다시 상체를 내려주면서 원위치 시킵니다.","벤트오버 바벨로우는 그립의 종류, 그립을 잡는 너비에 따라 자극 부위가 달라집니다.

 

① 오버그립(손바닥이 바닥을 향하게 하여 일반적으로 잡는 그립)으로 어깨너비보다 넓게 잡게 되면 등 상부(승모근, 능형근)의 자극이 됩니다.

② 오버그립으로 어깨너비로 바벨을 잡으면 등 하부(광배근 위주)의 자극이 됩니다.

③ 언더그립(손바닥이 하늘을 향하게 하여 일반적으로 잡는 그립)으로 어깨너비로 바벨을 잡으면 등 하부(광배근) + 이두근의 자극이 조금 더 들어갑니다.

 

연구에 의하면 언더그립+어깨너비로 그립을 잡으면 오버그립+어깨너비보다 광배근에 자극을 조금 더 줄 수 있고, 이두근에도 자극 줄 수 있습니다."
원암 덤벨 로우,"?

1. 플랫 벤치에 오른 발을 굽히고
    오른 손은 무릎 앞 12-14인치 정도 벤치 위에 놓습니다.
  

2. 다른 손을 아래로 뻗어 벤치 옆 바닥에 놓인 덤벨을 잡습니다.
  

3. 덤벨을 살짝 바닥에서 들어 올리고 잠깐 멈추면서 측면 등 근육이 완
    전히 스트레치 되도록 합니다.
  

4. 팔꿈치를 옆구리에 바짝 붙인 상태에서 덤벨이 갈비뼈 옆쪽에 닿을때까지
    위로 끌어 당깁니다.
   

5. 이 자세를 유지해 수축의 정점을 잡고 천천히 웨이트를 제자리로 내립니다.
    이때 덤벨이 바닥에 닿지 않도록 합니다.
     

6. 원하는 반복횟수 만큼 반복한 뒤 다시 자세를 바꿉니다.","원암덤벨로우 자극부위

 

광배근, 능형근, 승모근"
투암 덤벨 로우,"1. 본인에게 맞는 덤벨 무게를 선택 후
양 다리넓이는 어깨넓이 간격으로 서주세요

2. 무릎을 살짝 구부리고 엉덩이로 뒤로 빼며
상체의 중심은 살짝 앞으로 허리가 구부러지지 않도록 긴장해줍니다

3. 덤벨에서 팔꿈치라인이 수직선이 되게끔 호흡을 뱉으며 당겨주세요

(견갑골을 접는다는 느낌을 받으며)

4. 스트레칭하듯 천천히 내려오며 반복동작 실시합니다","투암 덤벨로우 :: 등운동 자극 부위
광배근, 능형근, 승모근 상부"
시티드 로우,"1. 기구에 앉아서 앞 케이블을 잡아줍니다.

2. 다리는 약간 굽어진 상태를 유지해줍니다.

3. 케이블을 약간 땡겨서 가슴을 앞으로 열어주며 등을 고정시켜줍니다.

4. 숨을 뱉으며 어깨가 아닌 등 하부 즉 광배근을 먼저 움직이며 당겨준다.

TIP : 등을 약간 뒤로 젖혀준다. 하지만 너무 뒤로 넘어가지는 않도록 유의한다.

5. 숨을 마시며 다시 원 자세로 돌아간다.

6. 위 운동을 반복해준다. (10~15회 3세트)","시티드로우는 앉아서 실시하는 로우 운동으로 등근육의 광배근 부위, 등의 상단부터 중앙까지 넓은 부위를 주로 발달지키며, 등의 윗 상단에 있는 승모근과 능형근도 자극을 받게 됩니다. 시티드 로우는 등을 두껍게 만드는 효과가 있으며, 등근육을 선명하고 탄탄하게 발달시킬 수 있는 운동입니다."
인버티드 로우,"1. 자신이 수행할 각도를 설정하여 bar나 링, TRX 등을 세팅한다. 당연히 당신의 몸이 지면과 수직에 가까울수록 쉬울테고 지면과 평행에 가까울 수록 난이도가 올라갈 것이다. 각을 마음대로 하기 어려운 상황에서 강도를 낮추고 싶다면 무릎을 굽히면 된다. 체중을 등만이 아닌 다리로도 분산시켜 강도를 낮추는 방법이다. 

2. bar를 잡고 있는 당신의 몸은 아래와 같은 상태를 유지해야만 한다.

 - 척추는 중립을 유지. 따라서 코어도 중립을 유지. 플랭크를 할 때의 코어를 떠올리면 된다. 지겹게 말했을 것이다. 골반을 후방경사 시켜 엉덩이를 조이라고. 좀 더 민망한 표현을 쓰자면 사타구니를 자신의 배꼽쪽으로 말아올린다고 생각하면 된다. 물론 과도하게 오버하면 아니된다.

 - 그립은 오버핸드로 잡는다. 편한대로 썸리스 그립을 택해도 상관 없지만 어짜피 본인의 체중을 당길 정도의 강도에 머물기 때문에 악력의 피로 걱정을 크게 할 필요는 없다. 굳이 언더핸드로 잡으려면 너무 넓게 잡아 부자연스러운 동작이 나오지 않게끔 한다. 너비는 보통 자신의 어깨 너비나 그 이상으로 잡는다.

 - 어깨에 힘이 들어가거나 슈러깅 된 상태로 있어서는 안된다. 어깨는 내리고 숄더패킹 비슷한 형태를 만드는데 굳이 어깨를 뒤로 모을 필요까지는 없다. 어깨를 뒤로 모으는게 아니라 아래로 내리는 게 중요하다.

- 발의 위치가 애매할 것이다. 처음에는 적절한 발의 위치를 찾기가 어색하겠지만 끝까지 당겼을 때 가슴에 bar가 닿는 위치에 발을 놓는다. bar와 수평을 이루며 누워있는 형태가 아니라면 분명 시작 자세에서는 bar가 가슴보다 한참 아래에 있는 형태가 될 것이다.

 - 발의 모양은 편한대로 하면 되는데, 구부렸을 때에는 발바닥이 땅에 닿게 하고 스트레이트로 폈을 때에는 발 뒤꿈치가 땅에 닿게 유지시킨다. 

3. 이제 당기면 된다. 바벨 로우와 마찬가지로 변하는 상체각에 따라 당기는 방향을 유지시키면 된다. 그렇기 때문에 서서 당기나 누워서 당기나 인버티드 로우는 강도만 달라질 뿐이지 자극해야할 타겟이 바뀌지는 않는다. bar가 당신의 가슴을 터치하게끔 힘껏 당겨라. 바가 닿지 않는다고 가슴을 과도하게 내밀어 터치하려고 애쓰지 말라. 그러다 괜히 코어만 풀어질 수 있다. 가슴에 간발의 차이로 터치가 안된다고 손목을 꺾어가며 가동범위를 줄여 터치하려고도 하지 마라. 그건 등을 수축해서 터치시킨게 아니기에 별 쓰잘데기 없는 치팅 동작일 뿐이다. 

4. 당긴 그대로 다시 내려가면 되는데 이렇게 반복 수행할 때 발의 위치가 움직이거나 바뀌어서는 안된다. 발의 위치가 바뀌면 다음 번 당길때의 타겟은 바뀌게 된다. 따라서 리바운딩 같은 튕기는 동작은 하지 말라. 

 그리고 분명 등 운동을 했는데 온몸이 힘들다고 고민할 필요 없다. 등을 조준하기 위해 당신의 다른 모든 근육들이 긴장하고 집중해야 하는 운동이 바로 인버티드 로우이다.
 
다리의 위치가 어떻든 중요한 건 코어의 타이트 함 유지와 발의 위치 고정이다. 발의 위치가 계속 바뀌다보면 당기는 방향과 위치 또한 달라진다.
","인버티드 로우는 여타의 등근육 운동과 마찬가지로 각도와 방향의 조절로 등근육 전체를 자극할 수 있습니다.

특히 광배근, 대원근, 소원근, 능형근, 극하근, 승모근과 후면삼각근까지

등을 넓은 역삼각형 모양으로 만드는데 필요한 거의 모든 근육을 자극할 수 있는 등근육 운동입니다."
바벨 컬,"1 팔을 어깨너비로 벌린 채 내려주고 바를 언더그립으로 잡습니다. 5~10도 정도 굽은 상태가 시작 자세입니다. 만약 팔이 다 펴지면 진행 도중 긴장이 풀리게 되어 팔에 손상을 입을 수 있습니다. 팔은 살짝 옆구리와 떨어질 수 있게 위치하고 고정시켜 움직이지 않게 합니다. 숨을 들이마셔 복부, 하반신에 긴장감을 줍니다

?

2 이 상태에서 큰 반원을 그리며 들어 올려줍니다. 이때 주의할 점은 몸을 튕긴다거나 반동을 이용해 뒤에서 앞으로 올리지 않도록 합시다. 완전하게 접어 턱밑까지 올려주고 잠시 멈춥니다. 수축하고 나서 호흡을 내뱉고 다시 들이마셔줍니다

?

3 저항을 서서히 느끼면서 다시 펴줍니다. 이때 완전히 다 피는 게 아니라 텐션이 풀리지 않을 정도로 이완하며 처음으로 돌아갑니다. 이렇게 하면 1회 완료한 게 된 것입니다

?",스탠딩 바벨컬(Standing Barbell Curl)은 흔히 알통이라고 불리는 팔 전면부의 대표적인 근육인 상완이두근을 단련하기 위해 실시하는 대표적인 운동이다. 바벨컬은 상완이두근 뿐만 아니라 상완근과 상완요골근이라는 팔의 전면부 근육 발달에 효과적인 운동으로 상완이두근의 크기와 모양을 형성하기 위해 실시하는 가장 기본적이고 중요한 운동이다. 
바이시클 메뉴버,"① 우선 매트(없으면 이불이나 침대)에 누운 자세에서 양손을 머리 뒤에 둔다. 위 영상처럼 귀 옆에 둬도 무관하다.
② 양다리를 살짝 들어 올리고 자전거 페달을 밟듯이 무릎을 번갈아 가면서 천천히 가슴 쪽으로 굽혔다가 편다. 이때 아래에 있는 다리는 바닥에 닿지 않을 정도로 살짝 띄운다.
③ 2번 자세에 익숙해졌다면 상체를 들어 올리고 오른쪽 무릎을 당기면서 왼쪽 팔꿈치가 오른쪽 무릎에 닿을 정도로 허리를 살짝 튼다. 이때 왼쪽 다리는 들어 올린 상태에서 편다.
④ 서서히 오른쪽 다리를 펴면서 왼쪽 무릎을 당기고, 오른쪽 팔꿈치가 왼쪽 무릎에 닿을 정도로 상체를 들어 허리를 살짝 튼다.
⑤ 3~4번 동작을 천천히 반복한다. 10개씩 3세트를 하되, 체력과 단련 정도에 따라 세트 수를 조절한다.",바이시클 크런치 운동은 상복부 및 하복부를 포함한 복부 전체와 대퇴사두근 및 햄스트링을 포함한 허벅지 전체 근육 생성에 도움을 주는데요. 상체와 하체 근육을 동시에 강화시킬 수 있는 효과 좋은 운동입니다.
벤치 프레스,"▶ 벤치에 누워 바를 잡습니다.



▶ 허리를 띄운다는 느낌보단 명치를 올린다는 느낌으로 가슴을 들어줍니다.



▶ 바를 젖꼭지 기준 살짝 위에 내려줍니다.



▶ 바를 올릴땐 들어서 올린다는 느낌보단 밀어준다는 느낌으로 올려줍니다.



▶ 운동 시 시선은 바에 고정하고 수축 이완 시 바가 흔들리지 않도록 합니다.","벤치 프레스는 대흉근(갑빠라 불리는 가슴근육)을 발달시켜 주고 삼각근과 상완삼두근에 자극을 주면서, 균형 있는 상체를 만들어 줍니다. 어깨 주변 근육들과 승모근도 어깨 관절을 안정시키기 위해 동작하므로 부수적으로 단련할 수 있습니다.

"
인클라인 벤치프레스,"* 의자높이를 조절하여 허벅지가 바닥과 거의 평행하게 하고 

   머리는 걸려있는 바벨의 바보다 낮아야 합니다.

? 

* 신체5부위 접촉자세 (five-point body-contact position) :  

   머리, 어깨-등은 벤치에 견고히 고정시키고 

   엉덩이는 의자에 균등하게 위치시키고 

   우측발 및 좌측발은 바닥에 평평하게 닿아야 합니다.

? 

* 어깨 너비(shoulder-width) 정도로 벌려서 우측그림의 a 처럼 

손바닥이 바닥을 향하고 손가락의 너클이 위로 향하는

회내그립(pronated grip, 또는 overhand grip이라고도 합니다)

엄지손가락을 바를 둘러싸는 닫힌그립(closed grip)으로 바를 잡습니다. 

? 

   cf) 이 때 너무 넓게 벌리면 어깨의 주된동작은 내전(대흉근)이며 굴곡(전방삼각근)은 최소화됩니다.  

따라서 가슴근육(대흉근)을 발달시키기에 유리하나 너무 벌리면 어깨관절의 압박이 심해집니다.  

반대로 너무 좁게 잡으면 가슴근육보다는 전방삼각근(굴곡)을 더욱 강조하게 되며  

삼두근(팔꿈치폄근)의 움직임 범위가 늘어나고 따라서 이 근육의 관여가 늘어납니다.  

일반적으로는 벤치프레스 동작에 관여하는 근육의 고른 발달을 위해 어깨 너비 정도로 벌려서 잡습니다.? 



 
바를 내릴 때 자세 (downward movement)

* 바를 천천히 내리면서 운동을 시작합니다. 

      이과정도 원심성(eccentric) 근육수축 과정이므로 힘없이 툭 내리면 안됩니다.

* 팔꿈치를 몸에서 약간 멀어지게 하면서 몸통을 통과해 아래로 내립니다.

* 손목은 우측 2번의 그림처럼 꺽이거나 엄지를 open grip으로 하면 안되고 

   1번 처럼 닫힌그림(closed grip)으로 견고하게 유지하면서 

* 아래팔(팔꿈치-손목부위)은 바닥과 수직이어야 하고 

      양측 아래팔은 평행상태를 유지해야합니다.

  참고)  어깨너비 정도로 벌려서 바를 잡았지만 

   실제 그립의 너비(width)는 양측 전완이 평행할 수 있도록 잡은 너비입니다.

* 바는 쇄골과 젖꼭지 사이 가슴의 윗쪽 1/3 지점에 가볍게 닿을 때까지 내립니다. 

   바를 가슴에 튀겨 올리거나(bounce) 바가 가슴에 닿기 위해 허리를 아치모양으로 만들어 가슴을 들어올리면 안됩니다.

* 신체 5부위(머리, 몸통, 힙, 양측발) 접촉자세를 유지해야 합니다





바를 올릴 때 자세 (upward movement)

* 바를 위쪽 방향으로 그리고 아주 약간 뒷쪽방향으로 밉니다. 

    팔꿈치를 펴는 것보다는 양측 팔을 가슴쪽으로 모은다는 느낌(내전 adduction)으로 해주시는게 좋습니다.

* 허리를 아치모양으로 만들거나, 힙을 들어올리거나 발을 딛고 일어서려는 것처럼 다리를 밀거나 해서는 안됩니다.

   몸통과 발은 시작자세의 위치에서 움직여서는 안됩니다.

* 내릴 때처럼 손목은 견고히 유지하고 아래팔은 바닥에 수직, 양측 아래팔이 평행상태를 유지해야합니다.

* 팔꿈치가 완전히 펴질 때까지 밀어야 하지만 팔꿈치 관절을 lock 시키면 안됩니다 (이렇게 되면 근육은 힘을 덜쓰고 관절이 부하를 받게되 상해위험이 높고 트레이닝 효과도 감소합니다)

* 세트를 완료하고 바를 받침대에 안전히 올려놓을 때까지 그립을 유지해야 합니다.



호흡은 근육이 짧아지면서 힘을 쓰는(concentric) 구간의 sticking point(가장 힘든 부분)을 지나면서 내쉬고 

벤치프레스에서는 바를 올리는 중간 정도 지점 쯤 됩니다. 그리고 바를 시작자세로 다시 내려올 때 들이쉬어야 합니다.",대표적인 가슴 근육이라고 할 수 있는 대흉근의 윗부분인 쇄골지(Clavicular part : 쇄골 안쪽 1/2 지점부터 상완골 윗부분에 측면 위치)를 효과적으로 자극하기 위해 그 필요성이 강조되고 있다. 
스컬 크러셔,"크기를 키우는데 유리한 운동이기 때문에 가장 많은 중량을 사용할 수 있는 바벨을 주로 사용한다. 물론 덤벨이나 케이블을 사용해도 효과적으로 삼두근을 키워준다. 다만 일반적인 웨이트리프팅 바는 관절이 안 좋은 사람이 하면 무리를 줄 수도 있기 때문에 이지 바(EZ Bar)를 잡는 것도 좋다.

먼저 벤치에 누운 뒤 바벨을 들어 양팔을 위로 뻗은 상태가 준비 자세이다. 그 다음 천천히 바벨을 봉의 중간점이 이마에 닿을락 말락한 높이까지 내려오게 한 뒤 다시 처음의 자세로 바벨을 들어올린다. 중요한 포인트는 봉이 이마에 닿을 듯한 것보다 어떻게 닿을 듯하게 위치하느냐이다. 팔꿈치를 벌리지 않고 모은 상태에서 팔꿈치를 고정하고 삼두[2]를 고립시켜 천천히 이마에 닿을 듯한 위치까지 내리는 것이다. 물론 사람마다 체형이 다르기 때문에 어떤 사람은 이마에 닿을 수도 어떤 사람은 머리를 넘어 갈 수도, 얼굴 한복판이 될 수도 있다. 중요한 것은 팔꿈치를 모아 확실히 고립시키고 중간에 팔꿈치를 휘둘러 고립이 풀리지 않게 유지하여 자극을 받으며 천천히 내리는 것이다.

주의할 점은 지나치게 무거운 중량을 사용하면 내려온 상태에서 바벨을 들어올리지 못하게 되거나 내려오다가 얼굴로 기구를 떨어뜨릴 수도 있다는 것이다. 왜 이 운동이 스컬 크러셔라고 불리는지를 생각해보자. 벤치 프레스와 마찬가지로 고중량에 도전하겠다면 해골의 안전을 위해 주변 사람이나 친구에게 도움을 구하자. 고립 운동치고 많은 무게를 칠 수 있는 운동이긴 하나 어쨌든 고립 운동이고 심각한 부상을 유발할 수 있는 자세이니만큼 다관절 운동하듯 무리한 고중량보다는 최소 8회나 12~15회 정도를 수행할 수 있는 무게로 시작하는 것이 좋다.",삼두근의 세 머리인 외측두-장두-내측두를 고루 발달시키므로 삼두근의 전체적인 매스 증대에 대단히 효과적입니다.
라잉 트라이셉 익스텐션,"1. 바닥에 누워서 허리는 아치를 만들어주시고, 이지바를 잡을 때에는 어깨 넓이보다 조금 안쪽으로 잡아줍니다.

?


2. 손목은 꺽어주시면 삼두에 긴장감이 더 커질꺼에요.

?


3. 준비가 다 끝났으면 저항을 느끼면서 천천히 이마위로 전완근이 수평이 되도록 이완시켜주세요. 팔꿈치가 바깥쪽으로 펴지지 않게 움직이지않게 고정해야 합니다.


4. 그대로 수직으로 이마위로 올려주세요. 자세를 잡는 동안 옆쪽을 봐주시면서 내가 수직으로 잘 올리고 있나 확인 해봅니다.



5. 손목과 팔꿈치가 수직방향이 되면 삼두가 아닌 관절로 버티는 꼴이 되기 때문에 이점 꼭 생각하시고 이지바가 이마나 정수리쪽으로 올린다 라고 생각을 해주세요.

?","라잉 트라이셉스 익스텐션 자극부위

-> 상완삼두근 (장두, 외측두, 내측두 골고루 자극)"
스쿼트,"1. 차렷 자세에서 양발을 어깨너비로 벌린다. 

2. 양손은 깍지를 끼거나 앞으로 나란이를 한다. 

3. 양발 끝은 바깥쪽으로 15도~20도 정도 벌려준다. 

4.상체를 그대로 꼿꼿이 유지하면서 천천히 엉덩이를 뒤로 뺀다 

5. 그와 동시에 천천히 무릎을 굽히면서 의자에 앉듯이 앉는다. 

6. 옆에서 봤을 때 허벅지가 바닥과 평행이 될 정도까지 앉는다. 

7. 엉덩이를 뒤로 빼면서 앉는데 무릎이 발끝을 넘어가는 건 괜찮다. 

8. 그리고 다시 준비 자세로 돌아온다. 

9. 호흡은 편하게 숨을 쉬어도 괜찮고 내려갈 때 마시고 올라올 때 뱉어도 좋다. ","스쿼트(Squat)는 부동근인 대퇴(허벅지), 둔근(엉덩이)도 같이 자극이 전해지지만, 주 목적은 대퇴(허벅지)에 전달될수 있게끔 자극을 해줘야 되며, 언뜻보면 흔히 말하는 기마 자세 비슷하다고 보면된다. "
업라이트 로우,"두 손으로 사용할 기구를 잡는다. 스트레이트 바, 이지 바, 덤벨, 심지어는 케이블도 무방하다. 기구를 잡을 때는 20~25cm 사이의 간격으로 잡는 것이 좋으며, 시작 전에는 반동이 일어나지 않게 주의한다.





몸통을 고정한 후 천천히 기구를 들어올린다. 앞서 말한 것처럼 숨을 들이쉬면서 기구를 올리는 호흡법을 사용하면 적합하다. 위치는 턱 바로 아래에서 멈추는 것이 효과적이다.





숨을 내쉬면서 천천히 기구를 내려놓고, 처음 자세로 돌아오면 자세를 지키며 반복한다. 업라이트 로우를 할 때는 무엇보다 적정 중량을 지키는 것이 중요하므로 너무 무겁지 않은 기구로 설정하는 것이 좋다.","업라이트 로우(Upright Row)는 승모근과 삼각근을 주로 사용하는 운동이다. 바벨이나 덤벨, 케이블, 스미스 머신을 사용할 수 있으며 동작에 변형을 줘서 주로 자극되는 근육 부위를 다르게 할 수 있다."
윗몸 일으키기,"하늘을 보고 누운 상태에서 무릎을 살짝 세웁니다. 두 손은 가볍게 머리 뒤 쪽에 가져다 댄다는 느낌으로 살포시 얹은 상태에서 운동을 시작합니다. 복부를 긴장시킨 상태에서 복부의 힘으로 상체를 그대로 끌어 들어올립니다. 상체가 완전히 일어나면 다시 뒤로 복부의 긴장을 유지하며 넘어 갑니다. 완전히 눕지 않고 복부 긴장을 유지할수 있는 정도까지 누웠다가 반복해 줍니다.



복부의 긴장은 계속해서 유지 해줘야 합니다. 팔 힘으로 상체를 억지로 일으키면 안됩니다. 바닥에서 튕기듯이 올라오는 힘으로 진행하지 않게 주의해야 합니다. ","윗몸 일으키기-활동근육:배근육(복근),엉덩근(장골근),허리근(요근)"
스탠딩 카프 레이즈,"1. 균형을 유지하기 위해 벽이나 의자 근처의 바닥에 발을 어깨너비만큼 벌리고 서세요.
2. 체중을 발가락에 싣고 발뒤꿈치를 바닥에서 들어 올리세요.
3. 제일 높은 위치에서 몇 초 동안 멈추고 천천히 몸을 시작 위치로 낮추세요.",카프 레이즈는 비복근과 가자미근에 도움이 됩니다. 이들은 주요 발바닥쪽 굽힘으로 정의됩니다.
싱글 레그 카프 레이즈,"1. 한쪽 다리로 서서 다른 쪽 다리를 뒤로 구부린 다음 균형을 위해 테이블이나 벽 근처에 서세요. 그러나 테이블을 사용하는 경우 몸을 들어 올릴 때 테이블을 누르지 마세요. (기대지 마세요)
2. 종아리를 들어 올리면서 발꿈치를 바닥에서 최대 높이가 될 때까지 들어 올립니다.","근육 명칭은 주 운동 근육 부위는 비복근, 부운동 근육 부위는 가자미근입니다."
스탠딩 바벨 카프 레이즈,"1. 똑바로 서서 대퇴 사두근을 꽉 조이고 양쪽 무릎을 고정합니다. 그 후, 긴장을 풀고 고정시킨 무릎을 풀되, 대퇴 사두근을 꽉 조이세요.
2. 발바닥 앞쪽을 사용하여 몸을 들어 올리고 발뒤꿈치를 완전히 들어 올리세요. 2초 동안 자세를 유지하고 종아리 근육을 조입니다.
3. 발뒤꿈치가 바닥에 닿을 때까지 천천히 몸을 내립니다.",카프 레이즈는 비복근과 가자미근(넙치근)에 도움이 됩니다. 이들은 주요 발바닥쪽 굽힘으로 정의됩니다. 
기구를 사용하지 않는 동키 카프 레이즈,"1. 작은 벤치나 단에 서서 뒤꿈치가 가장자리에 약간 매달려 있도록 합니다.
2. 몸통을 바닥과 평행하게 하여 몸을 굽히고 지지를 위해 고정된 물건을 잡으세요.
3. 종아리 근육을 구부리고 가능한 한 높이 몸을 들어 올린 다음 시작 자세로 돌아갑니다.
4. 일반적인 동키 카프 레이즈의 대안을 원한다면 한 번에 한쪽 다리만 움직이거나 무릎을 구부린 상태로 수행하거나 웨이트 벨트를 착용하여 움직임을 강화하세요.
",카프 레이즈는 비복근과 가자미근(넙치근)에 도움이 됩니다. 이들은 주요 발바닥쪽 굽힘으로 정의됩니다. 
기구를 사용한 동키 카프 레이즈,"1. 동키 카프 레이즈 기구에서 발바닥 앞쪽을 단 위에 놓고 윗 둔근이나 허리를 패드 아래에 놓습니다.
2. 팔걸이에 팔뚝을 올려놓고 손잡이를 잡습니다.
3. 발가락으로 누르세요. 뒤꿈치를 바닥으로 내리기 전에 꽉 쥐세요.",카프 레이즈는 비복근과 가자미근(넙치근)에 도움이 됩니다. 이들은 주요 발바닥쪽 굽힘으로 정의됩니다. 
스탠딩 덤벨 원 레그 카프 레이즈,"1. 한 발로 상자나 단 위에 서세요. 한 손으로 덤벨을 잡고 다른 손으로 고정된 표면이나 물체를 잡습니다.
2. 발목을 펴고 뒤꿈치를 들어 올리면서 숨을 내쉬세요. 2초 동안 유지하세요.
3. 천천히 숨을 들이쉬면서 움직임을 되돌립니다. 여러 번 반복하고 다른 쪽 다리로 반복하세요.",카프 레이즈는 비복근과 가자미근(넙치근)에 도움이 됩니다. 이들은 주요 발바닥쪽 굽힘으로 정의됩니다. 
시티드 덤벨 카프 레이즈,"1. 벤치 끝에 앉으세요. 바로 앞에 블록이나 계단이 있어야 합니다. 양쪽 다리에 덤벨을 놓습니다.
2. 발뒤꿈치를 바닥 쪽으로 내려놓습니다. 이 자세가 시작 자세가 될 것입니다.
3. 덤벨을 무릎에 대고 뒤꿈치를 최대한 바닥에서 천천히 들어 올리면서 종아리를 조입니다.
4. 시작 자세로 돌아가 반복하세요.",카프 레이즈는 비복근과 가자미근(넙치근)에 도움이 됩니다. 이들은 주요 발바닥쪽 굽힘으로 정의됩니다. 
기구에서 하는 시티드 카프 레이즈,"1. 단 위에 발바닥 앞쪽을 높은 상태로 기구에 앉으세요. 발가락이 앞을 향해야 하므로 발뒤꿈치가 자연스럽게 떨어집니다.
2. 무릎 패드 아래에 대퇴 사두근의 맨 아랫부분을 두고 손을 위로 올리세요.
3. 발목을 펴고 안전 바를 해제하세요.
4. 종아리가 완전히 펴질 때까지 뒤꿈치를 내립니다. 종아리를 구부리면서 숨을 내쉬고 발목을 펴세요. 이를 반복합니다.
",카프 레이즈는 비복근과 가자미근(넙치근)에 도움이 됩니다. 이들은 주요 발바닥쪽 굽힘으로 정의됩니다. 
레그 프레스 카프 레이즈,"1. 발 폭을 좁게 둔 채로 발바닥 앞쪽을 여러분 앞쪽의 단의 바닥 부분에 두고 레그 프레스 기구에 앉으세요. 운동할 무게를 선택하세요.
2. 종아리를 사용하여 단을 밀어서 뒤로 이동합니다. 다리가 스트레칭 되는 것을 느껴야 합니다.
3. 시작 자세로 돌아가서 반복하세요",카프 레이즈는 비복근과 가자미근(넙치근)에 도움이 됩니다. 이들은 주요 발바닥쪽 굽힘으로 정의됩니다. 
스미스 카프 레이즈,"1. 스미스 기구의 바 아래에 블록 또는 웨이트 플레이트를 놓습니다. 바가 높이에 맞게 적절하게 배치되었는지 확인하세요.
2. 발바닥 앞쪽으로 블록이나 플레이트를 밟고 서서 바를 어깨 위에 놓습니다.
3. 앞을 향한 상태에서 양손으로 바를 잡고 회전하여 기구에서 분리시킵니다.
4. 발뒤꿈치를 가능한 한 높이 올리고 발바닥 앞쪽으로 밀어내세요. 충분히 수축을 하는 동안 종아리를 구부리고 무릎을 펴세요. 이 자세를 1초 동안 유지하세요.
5. 숨을 들이마시고 뒤꿈치를 내리고 시작 자세로 돌아갑니다. 이를 반복합니다.
",카프 레이즈는 비복근과 가자미근(넙치근)에 도움이 됩니다. 이들은 주요 발바닥쪽 굽힘으로 정의됩니다. 
시티드 스미스 카프 레이즈,"1. 스미스 머신에 평평한 벤치를 놓고 바 아래에 계단이나 블록을 놓습니다. 바를 낮추고 사용하려는 무게를 추가하세요.
2. 벤치 끝에서 자세를 취하세요. 발과 무릎을 모으세요. 발바닥 앞쪽은 블록의 가장자리에 있어야 합니다.
3. 랙에서 바를 조심스럽게 제거하고 허벅지에 놓습니다.
4. 발뒤꿈치를 최대한 떨어뜨리되 바닥에 닿지 않도록 하세요. 가능한 한 높이 올리세요.
5. 종아리 근육을 꽉 쥐고 시작 자세로 돌아갈 때 발뒤꿈치를 천천히 내립니다. 이를 반복합니다.",카프 레이즈는 비복근과 가자미근(넙치근)에 도움이 됩니다. 이들은 주요 발바닥쪽 굽힘으로 정의됩니다. 
케이블 로우,"
1. 머신에 앉아 발판에 발을 올린후 무릎을 살짝 굽힌다

무릎을 살짝 굽힌 후 운동을 진행하시면 안정된 자세로 운동을 진행할 수 있습니다.



2. 허리를 펴고 가슴을 내민 상태에서 운동을 진행한다

허리를 기울이고 숙이신 상태에서 운동하실 경우 등근육에 자극도 안되고 허리 부상의 위험만 있습니다.

허리를 펴고(기립근에 힘을 주고 아치형으로) 가슴을 내민상태에서 운동을 진행하셔야합니다.



3. 중량을 당길때 등중앙부를 접는다는 느낌으로 , 팔꿈치로 뒤에 있는 사람을 때린다는 느낌으로 당긴다

등 중앙부를 최대한 접는다는 느낌으로 중량을 당기시면 근육성장에 도움이 됩니다.

시티드 케이블로우를 진행하시다보면 등이 안아프고 팔만 아프시다는 경우가 있는데

이 경우 일단 중량을 낮추신 후 팔로 중량을 당기신다고 생각하지 마시고

팔꿈치로 뒤에 있는 사람을 때린다는 느낌으로 당기시면 등근육에 더 집중하시면서 당기실 수 있습니다.



4. 중량을 당기 실 때 가슴이 마중나가는 느낌으로

중량을 당기 실때 등중앙부를 접으시면서 가슴이 마중나가는 느낌으로 당기시면 등근육에 더 집중하실 수 있습니다.



5. 중량을 당기실 때 등을 쥐어짠다는 느낌으로 진행하기

중량을 당기실 때 등을 쥐어짠다는 느낌으로 0.5~1초 정도 버티시면 짜릿한 등 자극을 느끼실 수 있습니다.

?

6. 중량을 내릴 때 중량을 등으로 버티면서 내린다는 느낌으로 내린다

중량을 내리실때 힘이 없어 내던지는듯이 중량을 내리는 분들이 있는데 이 경우 근육의 집중이 줄어들며 허리 부상의 위험이 있습니다.

중량을 등으로 버티면서 내리는 느낌으로 내리시면 근육성장에 도움이 됩니다.

시티드 케이블로우의 경우 중량을 내릴 때 두가지 자세가 존재하는데요. ( 위 로니콜먼과 도리안예이츠 영상 참고 )

허리를 지지한상태에서 중량을 들어올리고 내리는 경우와

중량을 내리실때 자연스럽게 몸이 따라나가면서 등을 최대한으로 스트레칭시키는 방법이 있습니다.

후자의 경우 등이 스트레칭 되는 느낌을 받을 수 있으며 이완 수축이 잘되어 더 큰 등 자극을 느낄 수 있습니다.

다만 등근육의 사용방법을 잘모르는 초보자의 경우 허리만 아프고 오히려 운동효과가 떨어질 수 있으니

저중량으로 등을 스트레칭하는 느낌을 알아내신 후 이 자세를 이용하시는게 좋습니다. ( 일정한 리듬이 있어요. )



7. 고중량으로 진행하기

머신으로 진행할 수 있어 부상의 위험이 덜한 운동이므로 고중량으로 진행하셔도 좋은 운동입니다. ( 자세가 흐트려지지 않는선에서 )

다른 부위보다 등운동은 고중량으로 진행할 수록 효과가 크다고 생각합니다.



8. 운동 전후 허리 스트레칭 필수

등운동의 경우 허리에 부담이 많이 가므로 가벼운중량으로 워밍업 및 스트레칭으로 허리를 풀어주는게 좋습니다.



9. 다양한 그립으로 진행하기





[ 사진 좌측부터 페러럴 그립, 로프그립, 오버그립, 리버스그립 ]



시티드케이블로우 경우 보통 페러럴 그립으로 진행하는게 정석이지만

로프를 이용한 그립이나 넓은 바를 이용한 오버그립, 리버스그립으로도 진행할 수 있습니다.

( 다양한 그립으로 바꿔 끼울 수 있습니다. 시티드 케이블로우의 또 다른 장점. )



로프를 이용할 경우 등 중앙부를 더 쥐어짤 수 있으며

오버그립의 경우 등 상부에 더 집중을 리버스그립의 경우 등 하부에 더 집중을 할 수 있습니다.

개인적으로 오버그립을 이용하는 시티드 케이블로우의 자극을 굉장히 잘 느끼고 좋아하는 편입니다.

다양한 그립으로 진행해보시고 자신에게 느낌이 잘오는 그립으로 운동을 진행하시면 좋습니다.","케이블 로우의 주요 자극 부위는 광배근 입니다. 중하단쪽에 넓게 자리잡고 있는 근육이지요 가장 넓은 부위라고 할수 있어서 등 근육 운동은 광배근을 주로 노려서 운동합니다. 광배근 말고도 승모근의 중간부분, 그리고 작은 능형근에까지 자극을 주게 되는 운동입니다."
크런치,"바닥에 누워 무릎을 구부리고 발이 바닥과 떨어지지 않도록 한다.
 
양손을 귀에 대고 복부에 힘을 주면서 고개를 살짝 든다.

어깨가 바닥에서 약 10cm 떨어지도록 등을 둥글게 구부리면서 상복부를 수축한다.

상복부의 긴장을 느끼면서 천천히 몸통을 바닥으로 눕힌다.이때 머리가 완전히 바닥에 닿지 않도록 한다.",복근 중 상부를 강화하는 운동으로 윗몸 일으키기의 변형 동작이다.
풀업,"① 풀업바(철봉)을 어깨너비보다 약간 넓게 손등이 몸 쪽을 향하게 잡습니다. (오버그립으로 잡습니다.)

② 매회 풀업 동작 전 어깨의 힘을 풀어줍니다. 어깨의 힘을 완전히 풀어놓은 채 매달려 있는 자세(데드행 자세라고 합니다.)로 시작합니다. 어깨에 힘을 준 채로 상체를 오르내리면 어깨의 근육 긴장 시간(TUT, time-under-tension)이 지나치게 오래 지속됩니다.

③ 몸은 반동이나 흔들림이 없는 정자세에서 견갑골(날개뼈)을 뒤로 젖히고 내려줍니다. (숄더패킹이라고 합니다.)

숄더패킹을 한 상태로 상체가 올라가면 광배근의 운동을 더욱 활성화시킬 수 있습니다.

④ 이 상태에서 팔꿈치를 뒤로 보낸다는 느낌으로 견갑골을 모아주면서 올라갑니다. 팔만 사용하는 것이 아니라 반드시 견갑골은 내리고 팔꿈치는 갈비뼈 쪽으로 모아주면서 올라가도록 합니다. 상체가 올라갈 때에는 몸의 반동이나 흔들림이 이 없어야 합니다.

⑤ 내려올 때에는 바로 힘을 빼서 내려오기보다는 천천히 근육의 이완을 느끼면서 내려옵니다. 호흡은 당길 때(몸이 올라갈 때) 숨을 내뱉고, 팔을 펼 때(몸이 내려갈 때) 숨을 들이쉽니다.","풀업의 주동근은 상완이두근과 등근육이 발달되며, 풀업바를 강하게 쥐게 하는 전완근의 힘, 악력과 숄더패킹을 유지하기 위한 중하부 승모근도 보조적으로 발달합니다. 결국 상체 전반을 단련한다고 볼 수 있습니다. 특히 광배근을 단련하는 데에 이 운동만 한 것이 없다고 전해집니다. 광배근 발달에 최적인 운동인 만큼, 어깨와 등이 넓어지고 상체가 커 보이는 효과를 가져옵니다.
"
트라이셉스 푸시 다운,"케이블 푸쉬 다운을 하기 위해서는 먼저 그립을 선택해야 합니다. 다양한 형태의 그립이 존재(더 다양하다)하는데 기본적으로 일자로 된 그립을 사용합니다. 다른 그립과 일자 그립의 차이를 설명하자면 손목 외측의 편안함을 위해서 적용되었다고 보면 됩니다. 팔꿈치 관절의 구조상 일부 사람들의 경우 일자 그립을 잡으면 손목 외측(손목에 뼈 튀어나온 부분)이 불편할 수 있기 때문입니다. 그런 사람들의 경우 30~45도 정도만 꺽어주면 편안하게 그립을 잡고 할 수 있기 때문에 일자 그립 외에도 다양하게 꺽인 그립들이 존재하는 것입니다. 삼두근의 경우 척골(팔꿈치 뼈)와 연결되어 있기 때문에 상완이두근과 다르게 손목의 회전이 그렇게 근육 운동에 영향을 미치지 못합니다. 결국 자신의 손목에 편안 그립을 쥐고 하는 것을 추천합니다. 손목의 경우 꺾이지 않게 하는 것이 좋습니다. 손목은 곧게 펴서 썸리스 그립이나 오버그립 중 편한 것을 택하면 좋을 것 같습니다.

케이블 푸쉬 다운을 할 때 케이블과의 거리와 허리 각도는 45~60도 정도 나오게 해서 자연스럽게 케이블에 저항이 상완삼두근에 걸리는 거리가 적당한 거리입니다. 상체를 세우면 가까이 붙어도 저항이 걸릴 것이고 상체를 숙일수록 멀리 떨어져야 저항이 걸릴 것이다. 가장 적당한 각도는 45~60도 정도로 허리를 숙여서 케이블이 살짝 당겨져서 저항이 걸리는 것으로 팔꿈치 부상을 방지하고 어깨 개입을 최소화한 상태에서 운동할 수 있기 때문입니다. 상체가 너무 세워지면 중량을 컨트롤하기가 어려워지고 어깨 개입을 막기가 힘들며 상체를 너무 숙이면 어깨/팔꿈치 관절의 움직임을 제어하기가 힘들어 질 수 있습니다.

케이블 푸쉬 다운 수축 시에는 45~60도 정도 상체를 숙여서 상완삼두근에 저항을 가둔 후에 삼두근의 수축을 이용하여 팔을 펴도록 합니다. 이때 주의할 점은 어깨 관절이나 내릴 때 상체를 숙여 몸통으로 중량을 누르거나 허리의 움직임을 통해서 중량을 제어하면 안되고 상완삼두근만을 이용해서 수축할 수 있도록 해야 합니다. 이완 시에는 몸이 중량에 따라 올라가거나 팔꿈치 관절이나 어깨 관절이 회전되어 이동하여 중량을 따라 올라가면 안됩니다. 가벼운 중량으로 가동범위를 충분히 이용하거나 무거운 중량으로 가동을 제한해서 실시하는 것이 좋습니다. 약간의 치팅으로 어깨관절은 약간 올라가는 것을 용납해도 되나 팔꿈치 관절은 각도를 딱 고정시키고 동작하는 것을 추천합니다.

수축시 팔 각도. 팔꿈치를 펴는 가장 단순한 역할을 하는 근육은 내측두이다. 내측두가 가장 가벼운 무게에서 그리고 가장 빠르게 동원됩니다. 무게가 올라갈수록 외측두와 장두가 동원되는데 장두의 시작점이 내/외측두와 다르게 견갑골에 달려있기 때문에 팔을 풀오버처럼 몸쪽으로 당겨줘야 더 자극을 받게 됩니다. 장두를 충분히 자극주기 위해서는 상체를 60도 정도까지 세우고 수축 동작에서 장두의 힘을 이용해서 견관절을 몸쪽으로 더 신전시켜(팔을 뒤로 젖혀) 수축해야만 장두까지 쓸수 있게 됩니다. 사실 케이블 푸쉬 다운은 장두까지 적극적으로 사용하는 데에는 제약이 있다고 설명해야 합니다. (정말 장두를 먹이고 싶다면 라잉 트라이셉스 익스텐션 자세를 거꾸로 바꿔서 케이블에서 실시 할 경우 벤트오버 자세를 만들고 팔꿈치를 얼굴있는 데 까지 들어 푸쉬다운을 하게 되면 장두가 최대한으로 이완되기 때문에 효과적으로 장두를 잡을 수 있습니다). 케이블로 복합적으로 하기가 싫다면 인클라인에서 실시하는 원암덤벨킥백 등과 케이블 푸쉬다운을 조합함을 추천한다. 케이블 운동은 자극의 고립감이 좋은 운동이고 바벨이나 덤벨을 사용하는 운동에 비해서 부상 위험도가 낮습니다. 그 대신 중량을 사용하는데 제한이 있기 때문에 적절한 중량으로 최대 자극을 얻는 방향으로 운동할 때 좋은 운동 도구가 될 수 있습니다. 삼두 운동을 처음 시작하는 사람이나 상대적으로 삼두의 힘이 부족한 사람이라면 케이블 푸쉬 다운을 적극 활용해 볼 것을 추천합니다.",일반적인 트라이셉스 푸시다운의 경우 삼두 외측두가 주로 자극 받은 부위가 됩니다.
푸쉬업,"팔

팔은 어깨 넓이 아니면 살짝 더 넓게 벌리는것이 좋습니다. 너무 좁게 잡는다면 팔에 조금더 자극이 갈수 있지만 평소에 운동을 안하시는 분에게 팔꿈치에 무리가 될수있습니다. 팔을 너무 넓게 벌린다면 어깨에 무리가 갈수 있습니다. 손은 가슴 높이에 맞게 두시는게 좋습니다.

허리
허리는 배에 힘을 주는것이 포인트입니다. 배에 힘을 주면서 허리가 뒤로 말리지 않아야 제대로 된 팔굽혀펴기입니다. 이렇게하면 코어운동에도 좋고 상체의 근육이 더 탄탄해집니다.

발
발은 붙혀도되고 살짝 떨어져있어도 괜찮습니다. 하지만 너무 떨어져있으면 코어운동이 제대로 되지 않습니다. 되도록이면 발은 최대한 붙히는게 좋습니다

시선
시선은 땅을 바라보거나 45도 정도 앞까지 보는것이 좋습니다. 너무 앞을 바라본다면 허리가 내려갈수 있고 자세가 틀어질수 있습니다.

호흡
호흡은 천천히 내려가면서 들이마시고 올라오면서 내뱉는것이 맞습니다. 참지만 않으시면 됩니다.","운동 부위

주운동 근육 부위 - 대흉근 (pectoralis major)

상완삼두근

삼각근

부운동 근육 부위 - 상완삼두근 (triceps), 삼각근 (deltoid)
"
풀오버,"1. 플랫벤치에 등,엉덩이는 붙이되 허리는 S라인 아치형으로 펴서 누워주세요









2. 양손으로 덤벨을 잡아줍니다 (손바닥이 하늘에 가게끔)



3. 덤벨의 위치는 어깨와 수직이 되어야합니다 :)

 



4. 팔꿈치를 구부리며 서서히 아래로 내려가세요

?

 



5. 덤벨이 어깨선보다 더 아래로 내려가지 않게끔 내리며 가슴을 이완시켜요!

?

 





6. 호흡을 뱉으며 포물선을 그리듯 올려줍니다","덤벨 풀오버 자극부위



대흉근(가슴)전체, 상완삼두근, 광배근 및 대원근 "
밀리터리 프레스,"① 시작 전 빈 봉이나 막대 등으로 어깨, 허리 부위를 충분히 스트레칭합니다. 프리웨이트 운동에서는 몸의 예열이 가장 중요합니다. 스트레칭을 충분히 해야 부상을 방지할 수 있습니다.

② 바벨을 스쿼트랙에 가슴 높이에 오도록 걸쳐놓습니다.

③ 다리를 구부려 바를 어깨 쇄골 상단에 위치시키고, 그립은 어깨너비보다 살짝 넓게 잡습니다. 팔꿈치는 어깨보다 앞으로 나가도록 그립을 잡아줍니다. 팔꿈치를 어깨와 일직선으로 잡게 되면 전면 삼각근의 자극이 덜 들어가게 됩니다.

④ 바를 들고 나온 뒤, 발을 어깨너비만큼 벌려줍니다. 무게중심은 발의 중간(미드풋)에 위치하고 있어야 합니다. 바벨 또한 미드풋의 수직선상에 위치해야 합니다. 

⑤ 숨을 크게 들이 마신 후 배에 힘을 준 채 엉덩이와 몸통을 조인 상태에서 바를 그대로 위로 들어 올립니다. 바벨을 뻗을 때 상체를 앞으로 내밀면 팔이 귀에 밀착되어 자세가 좋아지고 등을 굽어지지 않습니다. 

⑥ 바벨을 완전히 들어올렸을 때 호흡을 뱉어주고, 바벨을 내려줄 때에는 상체를 살짝 뒤로 젖히면서 바벨을 무게중심 상에 오도록 해줍니다.","밀리터리프레스 운동은 삼각근을 주동근으로 사용하며 특히 전면 삼각근을 키우는데 효과가 있습니다. 그 외에도 삼두근과 상부 승모근도 자극이 들어갑니다. 어깨의 매스나 근력을 키우는데 가장 효과적인 복합 운동이며 특히 밀리터리 프레스 같은 경우는 보조적으로 등, 복부, 하체 등의 근육이 쓰이기 때문에 전신 운동에 가깝습니다. 따라서 밀리터리 프레스는 코어 단련에도 효과적인 운동입니다."
덤벨 플라이,"
1) 손바닥이 서로 마주보게 덤벨을 잡아 허벅지에 올려 놓고, 뒤로 드러누운 후 가슴위로 양팔을 쭉 밀어서 붙혀주세요

   (이것이 덤벨 플라이의 준비자세 이면서 마지막 자세입니다)

2) 팔꿈치를 자연스레 살짝 구부리며 가슴 옆방향으로 팔을 천천히 펼쳐줍니다

   (가슴이 완전히 스트레칭 되는 지점인 벤치 높이까지 팔꿈치가 이르도록 하세요)

3) 호흡을 내쉬며 날개짓 하듯 반원을 그리며 덤벨을 모으세요

   (가동범위를 충분히 활용하기 위해 덤벨이 부딪혀 ""깡""소리가 나도록 하십시오)

4) 동작의 정점에서 가슴근육을 강하게 한번 짜준 후 호흡을 들이쉬며 2)번 과정을 다시 반복합니다",덤벨 플라이는 가슴근육~대흉근! 그중에서도 안쪽 부위를 특히 자극하는 운동이랍니다.
플랭크,"1. 자연스럽게 엎드린다.

2. 팔꿈치 간격은 어깨너비 정도로 벌린다.

3. 양손은 자연스럽게 바닥에 붙이거나, 주먹을쥐고 모으거나등등 편하게 자세를 잡는다.

4. 복부에 힘을 주고 배를 자연스럽게 지면에서 띄운다.

5. 버틴다.

6. 머리는 축 늘어뜨리지 않도록 한다.

7. 팔의 각도는 지면과 90도 각도가 되도록 한다.","플랭크 자세는 견갑골과 쇄골, 어깨, 가슴, 복부 전체, 둔근과 전반적인 하퇴근육을 단련시켜준다. 고로 몸의 근력과 협응력, 파워, 유연성을 고루 발달시켜준다. 무엇보다 가장 큰 이점으론 전신근육의 압축이다. "
굿모닝,"1. 양발을 어깨넓이로 서서, 어깨엔 바벨을 올려놓는다.

2. 무릎을 약간 굽히고 시선은 정면을 보며

인사하듯이 천천히 90도로 허리를 굽힌다.

3. 척추기립근에 저항을 느끼며 천천히 원래자세로 돌아온다.

 '굿모닝' 주의사항 및 노하우 팁>

1. 시선은 전방을 향하고 허리를 아치형으로 유지하며 운동한다.

2. 무릎을 펴고하면 허벅지 뒷쪽에 더욱 자극을 줄 수 있으나,

척추기립근(허리)발달을 원한다면 무릎을 살짝굽히고 운동한다.

3. 굿모닝은 중량을 높이지 않고 천천히 자극을 느끼며 운동에 임한다.

4. 아래 사진과 같이 바벨없이 양손을 머리뒤에 대고 운동할 수 있다.","허리와 힙, 허벅지 뒤쪽 까지 뒤쪽 근육 전체를 자극하는 좋은 운동이에요."
내로우 푸쉬업,"<운동순서>

 

① 양쪽 엄지손가락과 집게손가락이 서로 붙도록 손을 붙이고 팔굽혀펴기 자세를 취한다.

 

② 숨을 들이마시면서 가슴이 양쪽 손등에 닿을 정도로 팔을 굽힌다. 이때 팔꿈치는 옆구리에 가깝게 위치시킨다. 팔을 굽힌내린 상태에서  1~2초간 멈춘 후,  숨을 내쉬면서 원래 상태로 팔을 펴서 힘껏 밀어 올린다.

 

 


<주의 및 참고사항>

 

-팔을 굽힐때에는 팔꿈치를 옆구리에 가깝게 위치시킨다.
- 상체와 엉덩이, 다리는 일직선이 되어야 한다. (동작중에 상체가 쳐져서는 안된다. )
- 반복 횟수를 20회 이상 할 수 있을 경우에는 높은 곳에 발을 올려놓고 하거나 배낭에 원판을 넣어서 그것을 매고 운동하면 보다 강한 자극을 줄 수 있다.

",주 운동 부위는 삼각근과 대흉근의 개입이 가장 큽니다?
내로우 그립 풀업,"내로우 그립 풀업 운동방법
1. 어깨너비보다 좁게, 그리고 손바닥이 서로 마주보도록 바를 잡는다.
2. 가슴을 펴고 어깨를 살짝 뒤로 내준 상태에서 가슴이 바에 닿는다는 느낌으로 당긴다.","등은 크게 광배근, 대원근,
능형근, 등"
덤벨 벤트오버 레터럴 레이즈,". 덤벨을 잡고 벤트오버 (Bentover) 자세를 취합니다

여기서 벤트오버(Bentover)  자세란..?

 상체를 숙인 동작을 말하는 것으로 초보자 분들은 저처럼 등을 너무 구부리는 것보단

 엉덩이를 살짝 빼고 허리를 편 상태에서 운동하는 것을 추천합니다.

2. 손바닥이 마주보도록 덤벨을 잡고 운동을 시작할 준비를 합니다.

3. 덤벨을 힘차게 들어 올리고 내릴 때 저항을 느끼며 천천히 내려 옵니다.



여기서 주의할 점은 .. ?

- 덤벨을 올릴 시에 잡아 당겨준다는 느낌으로 올리나 팔꿈치와 견갑골이 과하게 움직일 경우

등근육의 참여가 높아지므로 주의한다.

(견갑골을 많이 움직일 경우 로우의 형태와 비슷한 운동이 되어 버린다.)

- 레터럴 레이즈(Lateral Raise) 동작은 올릴 때 보다도 내릴때 얼마나 저항을 느끼냐에 따라 운동효과가 달라진다.

  프레스 류 운동과는 다르게 중량을 많이 들지 않는 운동 이므로 저항을 많이 느끼며 이완 시켜주고, 

 절대 고 중량을 사용하지 않는게 좋습니다.(저는 15~20rep 할수 있는 무게를 선택하는 편입니다.)",벤트 오버 레터럴 레이즈는 어깨 근육인 삼각근 후면 부위를 발달 시켜주는 운동
덤벨 숄더 프레스,"
*일단 덤벨을 잡을때는 덤벨이 손에서 떨어지지 않게 있는 힘껏 움켜쥐고 손목이 스트레스 받지 않도록 손목을 꺽이지 않게 잡아주는게 좋다. 그렇게 덤벰을 움켜쥐 뒤 바로 지면으로 부터 팔 힘을 이용해 다이렉트로 들어주기 보단 발 무릎에 덤벨을 가지런히 올려둔 뒤 안정적으로 발을 튕겨주며 반동을 이용해 들어주는 것이 부상 방지를 위해 효율적이라 할수있다. 









*초보자 혹은 자세가 많이 흔들린다 하시는 분들은 등받이 벤치를 이용해 하는것도 나쁘지 않다. 다만 덤벨 프레스를 통한 전후 또는 좌우 방향이 힘이 추가적인 요소가 되어 삼각근의 균형적인 발달을 극대화 시킬수 있기 때문에 가급적 고중량을 제외 하곤 벤치를 이용하는게 균형감각에 도움이 될수 있다.



*처음 시작점 자세인 덤벨을 어깨 위치에 놓았을때 가급적 팔꿈치 각도는 90˚를 유지하는게 기본적인 자세이며, 그 밖에 살짝 벗어나 안쪽에 위치해 좁게 잡아도 크게 상관은 없으니 참고하자. 다만 너무 몸통 바깥쪽으로 벗어날 경우 어깨에 부상을 유발할수 있으니 어깨 안쪽 기준으로 75˚~90˚를 유지하는게 기본적이라 할수있다.



*다음으로 올리는 동작에 있어서 가장 많이 실수 하는 부분이 덤벨을 올릴 때이다. 대부분이 아마 올리는 동작에 있어서 덤벨과 덤벨사이를 부딪혀 단순한 관절운동으로만 알고있다. 물론 어깨 근육이 주관하는 관절은 어깨 관절이지만 그 밖에 움직이는 동작에 있어서 팔꿈치 관절 또한 뒷받침 되기 때문에 대부분 상완삼두근을 이용해 운동을 한다고 봐도 무방할만큼 실수하는 부분이니 참고하자



*앞서 설명한대로 덤벨은 가동범위가 제한적이지 않기 때문에 덤벨을 올리는 동작에 있어서 삼각근이 딱 걸리는 위치까지가 필자가 보기에는 가장 적당한 수축 지점이라 생각된다. 그 이상 최대로 들어올린다 해서 삼각근 전체가 자극받는게 아니기 때문에 덤벨을 붙인다는 개념이 아닌 어깨를 들어올린다는 개념으로 이해를 해야 될것이다.



*이완 동작 역시 중요한 부분이다. 사람마다 관절의 유연성이 조금씩 다르지만 가장 기본적인 내리는 위치는 얼굴에 있는 귀 위치까지 내려주는게 적당한 위치라고 보지만, 필자가 보기에는 팔을 내릴때 90˚를 유지하며 내리기 보단 어깨 안쪽에 내려준다는 느낌으로 이완 시켜준다면 어깨에 대한 자극이 좀더 전달될 뿐 아니라 어깨가 걸리는 최대 이완지점 까지 느낌을 전달 받을수 있다.",숄더프레스는 어깨 근육(삼각근)의 전면과 측면 부위의 근매스를 올리기 좋은 대표적인 운동입니다.
덤벨 슈러그,"먼저 앞서 슈러그 - 덤벨은 승모근 상부를 강화시키기 위한 운동이며 높은 중량으로 실시해주시면 효과가 좋습니다.

난이도는 쉬운 편으로 누구나 따라할 수 있는 운동이다.

어깨너비로 서서 양손에 덤벨을 들고 허벅지 옆에 위치시킵니다.

고개를 약간 숙이고 어깨를 귀에 붙인다는 느낌으로 최대한 어깨 끌어올립니다.

천천히 저항을 느끼면서 어깨를 내리고 처음 자세로 돌아갑니다.",중부 승모근과 상부 승모근에 큰 자극
덤벨 오버헤드 익스텐션,"덤벨 오버헤드 익스텐션을 할 때에는 보통 서서(스탠딩) 하기 보다 앉은(시티드) 상태에서 하는 것을 권장합니다. 그 이유는 상체가 오픈된 상태에서 상완삼두근을 수축시켜려면 느껴지겠지만 덤벨이 올라오면서 중량의 중심점이 바뀌어 몸통이 대게 뒤로 움직이게 됩니다. 그래서 보통 등받이를 받치고 안정된 상태에서 해서 회전근개의 부상을 방지하도록 하는 것이 좋습니다. 보통 대게 숄더 벤치가 없으므로 일반 인클라인이 되는 벤치에서 실시할 수는 있는데 내리다가 덤벨이 등받이 벤치에 걸릴 수 있으니 그냥 평벤치에서 하는 게 코어도 단련될 겸 낫습니다.




시작자세. 숄더벤치를 이용하면 안정적으로 등을 붙이고 코어를 유지한 채 동작할 수가 있습니다. 어쩔 수 없이 스탠딩 자세로 실시할 경우 다리를 다 펴고 요추부에 중량에 대한 부담을 주는 것이 아니라 무릎을 살짝 구부리고 고관절을 살짝 뒤로 빼서 중량의 분배가 앞뒤로 잘 되도록 한 상태에서 공기압을 이용하여 코어를 닫아준 상태에서 척추중립을 유지하도록 합니다. 실제로 오버헤드 포지션을 할 때 흉곽이 과도하게 열리면서 가슴을 앞으로 내놓고 흉추와 요추에 부담을 주는 경우를 자주 볼 수 있습니다. 중량이 올라가면 안그러다가도 자연스럽게 나타나는 현상인데, 되도록 이를 통제하고 동작할 수 있게 끔 해야 흉곽이 들리는 현상, 요추가 전만(허리의 과도한 아치)되는 현상으로 인한 통증 발생 등을 제어할 수 있습니다.





덤벨을 쥘 때에는 엄지와 검지를 이용해서 양손을 삼각형을 만들고 그 사이에 덤벨을 끼워 넣도록 합니다. 이때 주의할 점은 덤벨이 손바닥의 가장 두꺼운 위치(벤치프레스 할때 바벨 올려놓은 그곳)에 가깝게 놓여야 한다는 것입니다. 손가락 끝 쪽으로 갈 수록 중량에 손목 부담이 커지고 실제 수축시에 상완삼두근으로 수축하기 보다 다른 부위로 힘이 빠지기 때문에 가장 주의 해야 할 부분입니다. 대부분의 상체 운동은 손으로 중량을 잡고 실시하기 때문에 손으로 얼마나 잘 잡고 있느냐가 운동에 대한 집중도의 관건이라고 할 수 있습니다. 잘 움켜쥐지 않는 다거나 살짝 걸치는 테크닉은 상급자 또는 선수들의 테크닉이므로 초보자들은 되도록 있는 힘껏 덤벨을 움켜쥐거나 확실하게 안정적으로 고정시킨 상태에서 동작하도록 합니다.




중량을 들 때 흉곽을 오픈하는 것이 흉추와 요추에 주는 부담이 크므로 복압을 이용해야 합니다. 코어가 약한 사람은 벨트를 사용하여 복부에 힘을 확실하게 주고 안정적인 자세를 만든 상태에서 오버헤드 자세를 취합니다




전체적인 동작은 중량을 상완삼두근에 실은 상태에서 상완은 고정시키고 팔꿈치를 머리 뒤로 접어 상완삼두근의 긴장을 극대화 시킨 후 팔꿈치 관절에 너무 부담이 가지 않는 정도로 충분히 상완삼두근의 최대 길이를 가질 위치까지 내린 후에 수축시켜 줍니다. 이때 팔꿈치의 간격을 보자면 자연스럽게 벌어지도록 해도 되고 장두에 힘을 이용해서 팔꿈치를 모으려 해도 됩니다. 장두를 적극적으로 개입시키고 싶다면 팔꿈치를 모아주도록 실시 하지만 사람에 따라 팔꿈치에 대한 스트레스 강도가 다르므로 자연스럽게 팔꿈치를 둔 상태에서 동작해도 됩니다(다만 너무 과도하게 벌어져서 팔꿈치가 얼굴과 수평선상에 있지는 않게 합니다). 수축시에도 상완삼두근을 사용해서 수축시키고 중량을 관절에 넘기지 않도록 해야 합니다.





삼두근 또한 근육이 운동을 하는 것이지 뼈가 운동을 하는 것은 아닙니다. 중량을 근육에 실어서 이동시켜야지 뼈에다 넘겨서 부담을 주지 않도록 해야 하며 집중력이 흩어지지 않게 해야 합니다. 팔을 펼때 라잉 트라이셉스 익스텐션처럼 팔을 펴서 덤벨을 수직으로 들어 올린다는 느낌보다 상완삼두근을 수축시켜 팔을 펴지듯이 밀어낸다는 느낌으로 동작함에 유의합니다. 오버헤드 덤벨 익스텐션은 라잉 트라이셉스 익스텐션에 비해 상대적인 부담이 더 큰 운동이라고 볼 수 있습니다. 라잉 트라이셉스 익스텐션은 누워서 흉곽이 중력에 순응한 채로 동작하기 때문에 흉곽에 그렇게 신경 쓸 필요가 없고 팔꿈치 동작만 주의하면 되지만, 이 동작은 상체가 서있는 상태에서 하기 때문에 척추중립에 더욱 더 신경 쓴 상태에서 동작해야 합니다. 중량을 다룰 수 있는 운동이지만 가동범위를 많이 쓰거나 잘못된 각도로 운동하면 관절에 상당부분 부담을 줄 수 있고 다른 운동에 비해 처음 리프팅과 마무리가 어렵기 때문에 보조나 파트너를 두고 운동할 것을 추천합니다.",삼두 전체에 효과적인 자극을 줄 수 있습니다.
덤벨 킥백,"
① 덤벨 잡는법에 대해서는 논란의 여지가 많다고 보면 된다. 그 예로 첫번째 덤벨을 꽉 쥐어주면 삼두근에 들어가는 힘보다 전완근에 가해지는 힘이 더해져 오히려 마이너스가 된다. 두번째 덤벨을 걸친다는 느낌으로 해주는게 오히려 상완삼두근 집중도를 높여준다.



이렇듯 오고 가는 말들이 각각 틀리지만 필자가 느꼈을때 초보자의 경우 덤벨이 흔들리거나 떨어질수 있는 조건을 방지하게 위해 가급적 꽉 움켜쥐는걸 추천하고, 어느정도 근육을 컨트롤 할수 있는 능력이 된다면 살짝 걸친다는 느낌으로 잡아주는게 상완삼두근을 집중시킬수 있다.



② 덤벨을 쥔 상태에서 제일 중요한 포인트 ""팔꿈치 고정""을 시킨 후 덤벨을 서서히 수축시켜 준다. 이때 수축지점 보다 더 쥐어짜고 싶다고 덤벨을 세워 손목을 꺽거나, 팔꿈치를 이용해 각도를 더 올린다면 당연 관절에 부상 위험이 있으니 본인이 상완삼두근에 자극이 잘 전달받은 위치를 기억해 최대수축 지점까지 수축시켜준다.



③ 최대 수축지점까지 자극을 느낀 후 다시 시작점인 원래 위치로 천천히 이완시켜 준다. 이완동작 역시 역 방향으로 상완삼두근에 들어간 힘을 그대로 느끼면서 이완시켜 주는게 포인트 라 할수있다.

",덤벨 킥백(Dumbbell kickback)이라는 운동에 대해서 이야기 해볼까요? 기본적으로 삼두근(뒤쪽팔)의 고립운동으로써 외측두(LATERAL HEAD)가 주요 타겟부위입니다.
덤벨 프론트 레이즈," 

운동방법

①양손에 덤벨을 하나씩 쥐고 서거나 앉습니다.

②한쪽 덤벨을 큰 호를 그리면서 90~180도 사이에

자신에게 자극이 잘오는 각도까지 들어 올립니다.

③덤벨을 통제하에 내립니다. 한쪽 덤벨을 다 내리지 말고

90%정도만 내리고 긴장을 유지합니다.

④전면삼각근을 직접적으로 운동시키기 위해, 양쪽 덤벨이 옆쪽으로

벗어나지 않고 반드시 얼굴 앞쪽으로 지나도록 합니다.",덤벨 프론트 레이즈는 덤벨을 정면으로 들어올리는 운동이므로 이 운동은 특히 전면 삼각근 발달에 탁월하다고 할 수 있겠다.
체스트 덤벨 프레스,"실행방법

①덤벨을 양손에 들고 평평한 벤치에 앉습니다.

덤벨을 무릎위에 올려놓은 다음

가슴에 안는다는 느낌으로 눕습니다.

바로 덤벨을 바벨 벤치프레스 하듯 자세를 잡아줍니다.

② 벤치에 누워, 양발은 바닥에 붙입니다.

발이↖ ↗ 이 자세가 되도록 합니다. 

③어깨보다 넓게 덤벨을 벌려 잡습니다.

이때 자세는 └ㅇ┘이렇게 팔과 팔꿈치가 직각이 되게 해줍니다.

팔꿈치가 직각보다 아래로 팔이 내려가게 되면

삼두와 어깨에 개입이 많이 지게 되므로

자신에게 자극이 잘오는 자세나 편안한 자세를 찾으시기 바랍니다.  

(컴맹에 그림도 못그리니 자세 설명이 쉽지 않네요.^^;)

④숨을 내쉬면서 덤벨을 들어올리는데

↑  ↑이렇게 수직으로 울리는것과

↗  ↖이렇게 모아주면서 울리는것이 있습니다.

모아주게 되면 덤벨 플라이처럼 가슴을 모아주는 운동도

함께 할수 있게 됩니다.^^;
⑤숨을 들이쉬며 천천히 가슴 위치까지 덤벨을 내려줍니다.

이때 └ㅇ┘이렇게 내려주시면 되는것이죠.^^

⑥운동이 끝나면 덤벨을 가슴에 안고 일어나시면 됩니다.

물론 바로 덤벨을 바닥에 내려놓기도 하는데 중량이 올라갈수록

내려놓을때 어깨와 팔에 부담을 줘 부상 위험이 있으니

조심하시길 바랍니다.",체스트프레스는 대흉근을 주로 사용하는 운동으로 상완삼두근과 삼각근이 보조근 역할을 한다. 
데드버그,"등을 대고 평평하게 눕기. 앉아서 배 근육에 힘을 주고 배가 살짝 들어갈 수 있도록 하자. 일부 피트니스 전문가들은 이 방법이 오히려 역효과를 가져오기 때문에 배에 긴장감만 주는 방법을 권장하기도 한다. 두 가지를 모두 다 시도해보고 어떤 방법이 나에게 더 잘 맞는지 살펴보자. 이제 천천히 등을 바닥으로 내려준다. 등을 완전히 쫙 펴지 않고, 편하고 자연스럽게 누워야만, 운동 효과가 더 증진된다.[2]
배에 긴장감을 주되, 등에 살짝 곡선이 그려진 자연스러운 포즈로 눕는다. 손가락 몇 개가 등 사이로 들어갈 수 있는 정도여야 한다.

팔을 쫙 펴기. 천장 방향으로 양팔을 쫙 펴준다. 팔은 일자로 곧게 펴주고, 손목과 손이 어깨선상 위에 있어야 한다. 이렇게 해야 운동을 제대로 할 수 있고, 부상의 위험도 줄어든다.[3]

발, 무릎, 골반 높여주기. 무릎이 골반과 허벅지 위로 오도록 다리를 구부려준다. 발을 바닥에서 떼면서 코어와 복근에 긴장감이 느껴지도록 해보자. 구부린 다리를 90도로 만들어주면 복근과 코어 근육의 운동 효과가 높아진다. 허벅지와 무릎이 일자 라인이 되도록 무릎이 골반 바로 위쪽에 위치해야 한다.[4]

동시에 반대쪽 다리와 팔 내리기. 먼저 내릴 팔을 선택한다. 복근에 긴장감이 느껴지도록 하고, 동시에 반대쪽 팔과 다리를 바닥에 최대한 가깝게 내려준다. 그리고 처음 시작했던 위치로 다시 돌아온다. 운동하려고 하는 근육이 움직이는 것을 느낄 수 있도록 천천히 움직인다. 천천히 운동하면 바닥에 팔과 다리가 닿지 않게 하는 데에도 도움이 된다.[5]

반대쪽 팔과 다리 반복하기. 첫 번째 팔과 반대쪽 다리를 마쳤다면, 두 번째 팔과 그의 반대쪽 다리 운동을 해보자. 이렇게 하면 양쪽 복근과 코어 근육이 균일하게 발달된다.[6]

3세트 완료하기. 10번 반복으로 3-5세트 운동을 해보자. 처음에는 피로감이 느껴지고 복근이 너무 당겨지는 듯한 느낌이 들어서 1세트만 가능할 수도 있으나, 점차적으로 세트 횟수를 늘려가보자.[7]",데드버그 운동에서 주로 쓰이는 근육은 복부 근육인데요.
디클라인 덤벨 프레스,"스텝 1 : 벤치의 경사를 35~45도로 맞춘다.

스텝 2 : 벤치에 등을 대고 눕는다. 벤치가 머리부터 엉덩이까지 몸통 전체를 받쳐야 하며, 무릎을 굽히고 발은

           고정한다.

스텝 3 : 운동 중에 미끄러지는 것을 방지하기 위해 양발을 패드 밑에 단단히 고정한다.

스텝 4 : 트레이닝 파트너에게 덤벨 2개를 건네 받거나, 상체를 일으킨 상태에서 무릎 위에 덤벨을 올리고 뒤로

           천천히 눕는다. 덤벨을 잡은 팔을 천장을 향해 뻗는다. 손바닥은 전방을 향해야 한다.",하부흉근을 발달시키기 위하여.
디클라인 벤치 프레스,"
① 디클라인 벤치각도는 평균 30~45˚정도가 가장 이상적인 각도라고 생각한다. 본인에 맞게 각도를 조절해가며 원하는 자극점을 찾는것도 나쁘지 않는 방법이다. 



발거치대를 이용해 발을 걸어 무게중심을 지탱해주며 벤치에 눕는다. 허리를 과도한 아치가 아닌 지면으로부터 10cm정도 살짝 띄어 아치를 유지해준다.



② 벤치 프레스와 같은 원리로 바를 어깨 넓이보다 좀더 넓게 오버그립으로 잡아준다. 



③ 바벨을 들고 바벨을 천천히 가슴 하부를 향해서 내려준다. 이때 팔꿈치 각도가 어깨선을 넘어가지 않게 주의하고, 프레스 동작에서 제일 중요한 ""수직운동""이 되도록 반복동작시 바벨이 흔들리지 않게 무게를 잡아주어야 제대로 된 수축-이완 동작이 수행될수 있다.



※ 프레스 동작에서 수축동작시 팔힘을 이용해 밀어준다는 느낌이 아닌 겨드랑이 안쪽을 들어준다는 느낌으로 밀어줘야만 대흉근 자극에 있어 효과적으로 운동을 할수가 있다.

",하부흉근을 발달시키기 위하여.
라잉 레그레이즈,"
 


시작 자세

1. 벤치에 등을 대고 눕는다.

2. 손의 위치는 밴치의 위에를 잡아도 되고 골반 옆부분의 벤치를 잡아도 된다.

3. 다리를 위로 쭉펴서 90도 되게 올린다. (무릎은 완전히 쭉 펴지 않아도 된다.)

4. 이때 허리를 벤치에 꼭 붙힌다.

 

끝자세

1. 무릎을 약 80도 정도 편 상태에서 지면으로 다리를 내린다.

2. 옆에서 보았을때 몸이 쭉 수평이 될 정도 까지 내린다.

3. 내릴때 허리가 들리지 않도록 허리를 벤치에 꼭 붙힌다. 

4. 지면과 수평이 될정도로 다리를 내린후 힘을 강하게 주어 다시 원래자리로 다리를 들어 올린다.",복직근의 관여보다 그 안에 있는 복횡근(횡경막수축)의 참여도 비중이 훨씬 높기 때문이죠.
라잉 힙 어브덕션,"옆으로 누워 한 팔은 상체를 지지해줍니다.

나머지 팔은 손바닥을 바닥에 지지시켜 몸의 중심을 잡아줍니다.

다리는 곧게 편 상태로 아래로 뻗어주시고 전체적으로

몸이 일직선이 되도록 만들어줍니다.



 

그 상태에서 밑에 다리는 바닥에 지지시켜주시고

위쪽 다리는 천천히 들어올려줍니다.

이 때, 다리가 90도를 넘지않도록 하시고

몸 전신에 힘을 주어 흔들리지않도록합니다!",중둔근 중에서도 측면과 후면에 더욱 크나큰 자극 을 줄 수 있습니다. 
레그 익스텐션,"
1. 우선 자신의 몸에 맞게 머신을 조절해야 한다,

앉았을때 무릎 바로 아래부분이 머신에 살짝

떨어질정도위 의자 위치, 발목 살짝 윗부분에

가동부분이 오게 해야한다.







파란색 부분처럼 의자에 종아리가 닿지

않아야 하고, 그림에서는 너무 발목에 딱

끼워져 있는데, 실제로는 저렇게 하면 수축

신전시의 이동방향이 바뀔수도 있고 종아리

에만 힘이 더 들어간다던지 하는 등

여러가지로 불편하고 비 효율적인 자세다.



초록색 네모 친 부분정도에 높이를 맞춰주자.









2. 엉덩이와 등을 떼지 않는다.





(이렇게 하지 말라는것임)



고관절을 접어서 더욱 수축시키기 위한

방법이 아니라면, 등을 떼어서 몸이 접히는

반동으로 차면 안된다.



허벅지 앞쪽인 대퇴 사두근을 트레이닝 하기

위한 운동이니까 말이다.





그리고 무게가 무겁다고 엉덩이가 붕 떠버리는데

이 역시 부상위험이 높고 비효율적인 자세다.



팔로 몸을 제대로 견착시켜서 운동하도록 하자

(그러라고 저 손잡이가 있는것임)









3. 공차듯이 냅다 발끝을 뻥 차지 않는다.



어떻게보면 가장 중요한 부분인데, 대퇴

사두근의 힘으로 수축시켜서, 근육이 수축

되니까 다리가 올라가는거지, 발을 뻥 차서

머신을 올려버리는 운동이 아니다.



자신이 제어할 수 있는 무게로, 반동이나

싸커킥이 아니라 제대로 근육으로 움직이는

방법을 습득한 뒤에 중량을 치도록 하자.









4. 근육은 끝까지 수축시키되 뼈는 끝까지 펴지

말고, 이완시킬때에도 긴장을 놔버릴때까지

완전히 펴지 않는다.



3번과 비슷한 맥락이자 효율성 때문인데.



최대수축을 시키기 위해서 근육을 끝까지

수축시켜 다리를 올려야하는건 맞지만

이를 반동으로 끝까지 펴버리거나 뼈를

펴서 근육이 따라가는 모양이 되면 안된다.



말 그대로 근육만 꽉 짜고 구태여 무릎뼈를

반대로 꺾일때까지 차올릴 필요는 없다.





그리고 이완시킬때에도 아예 편하게 휴식

자세까지 다 내려버리면 운동효과가 엄청

나게 떨어진다.



완전 90도까지 내리지 말고 근육의 긴장을

유지할 수 있을 정도로 한 85도 느낌으로

내렸다가 다시 올리면, 아주 효율적인 운동을

할 수 있다.







그리고 마지막으로는 발목을 곧게 펴지 말고

제대로 접거나 90도를 유지해주고, 자신의 몸에

맞지 않게 좌우로 벌리거나 좁히는 내전 외전을

주지 않아야 한다.",레그 익스텐션은 허벅지 전면 즉 주동근인 대퇴사두근을 발달시키는 운동이다
레그 컬," 

1. 패드는 발목과 종아리 사이 정도에 오게 하고 (자기 신체에 맞게 이정도 선에서 적절히 조정) 시선은 아래를 향합니다.

2. 발목으로 들어올린다는 느낌보다는 허벅지 뒤쪽 이두근으로 올린다는 생각으로 올립니다.

3. 긴장을 유지한 상태로 다시 들어올립니다.

 ","대퇴 후면의 슬굴곡근
즉~ 허벅지 뒤쪽 Hamstring이 주 자극점이며"
로우바 스쿼트,"로우바 스쿼트 자세
 
다리를 골반보다 넓게 벌린후, 바벨을 날개뼈위에 올려놓습니다.

정확하게 말한다면 승모근과 후면삼각근위에 올려놓는 것이죠.

바벨을 아래 놓기때문에 바벨을 붙잡고 있기가 힘듭니다.

그래서 약간의 허리를 앞으로 굽혀준 상태를 유지하는 것이죠.

이때, 발의 넓이가 좁으면 부하가 허리로 많이 가기 때문에
약간 넓게해서 무게를 분산시켜주는것이 조금더 좋습니다.

또한, 로우바 스쿼트를 할때는 시선을 전방 15도 정도로
올려다 보는것이 좋습니다. 고개를 숙이게되면
체중이 앞으로 넘어가게되고 ,이는 엉덩이보다 허벅지 앞쪽의
더 많은 자극을 주기때문에 효과적이지 않습니다.

 

 
로우바스쿼트 주의점
 

무릎관절이 먼저 구부러지지 않아야 합니다.
고관절을 먼저 확실하게 굽혀주어야 하고 움직여야 합니다.

그러기 위해서는 고관절 움직임 연습을 해주어야 하죠. (스미스머신 스쿼트)

허리의 정렬이 무너지지 않도록 몸통에 힘을 꽉주어야 합니다.

무릎이 발끝을 넘어가지 않는것이 좋습니다. 무릎이 너무 앞으로 나가게되면
엉덩이근육의 쓰임이 줄어들기 때문이죠.

혹시라도 고관절이 약하거나 문제가 있는 사람들은
가동성과 유연성을 충분히 확보한 후에 무게를 얹는것이 안전합니다.","스쿼트에는 후면 근육들(햄스트링, 둔근등)이 운동에 참여"
리버스 바벨 컬,"운동방법

①양발을 어깨너비로 벌리고 서서, 오버핸드 그립으로


바벨을 잡고 몸 앞쪽에 팔 길이로 유지합니다.



②팔꿈치는 안정되게 고정하고, 바벨을 몸에서

떨어지게 멀리 위쪽으로 컬 해서 

턱과거의 비슷한 지점까지 올리도록 합니다.

똑같은 호를 따라, 계속 저항하면서 바벨을 내립니다.

 






바를 이런 그립으로 잡으면 이두근은 역학적으로 불리한 자세에

놓이게 되기 때문에, 언더핸드 그립만큼 무거운 중량으로


컬 할수는 없을 것입니다. 리버스 그립으로 하면

전와의 위쪽 부분을 아주 격렬하게 운동시킵니다.

전완을 위한 게 아니라 이두근을 위한 리버스 컬이라면

어떤 종류라도 리버스 리스트 컬로 시작해서는 안됩니다.

바벨을 위로 컬 할 때 손목을 고정하도록 합니다.

엄지손가락을 바의 위쪽으로 두도록 합니다.","리버스 컬을 할 때 엄지손가락으로 바를 감싸면 상완근이 자극되며, 이후 엄지를 다른 손가락들 쪽으로 옮기면 상완요골근에 자극이 집중된다."
리버스 크런치,"1. 무릎을 구부리고 바닥에 눕습니다.
2. 복근의 힘으로 엉덩이를 말아올리며 무릎을 가슴쪽으로 당깁니다. 동시에 호흡을 뱉습니다.
3. 그 상태에서 1~3초 버티다가 천천히 내리면서 호흡을 들이쉽니다.",자극부위: 복부 하부
바벨 런지,"
<운동방법> 
1. 양손으로 바벨을 잡아 어깨 뒤쪽 승모근에 걸치고 허리를 펴고 습니다.

2. 한쪽 다리를 앞으로 내민 후 구부립니다. 

  몸을 낮추어 내민 다리의 무릎이 90도 각도가 되도록 하며, 무픞이 앞꿉치보다 앞으로 나오면 안됩니다.

  뒷쪽다리 무릎은 바닥에 거의 닿도록 합니다.
3. 뒤로 다시 물러서서 반대쪽 다리를 내밀어 실시합니다.","자극 부위
??주 근육: 대퇴사두근
부 근육: 대둔근?, ?슬굴곡근"
바벨 프론트 로우,"① 스탠딩 자세에서 발을 어깨정도의 넓이로 벌려준 상태에서 바 또한 같은 넓이로 잡아준다. 



② 수축 동작시 팔은 곧게 뻗은 상태에서 천천히 어깨 선까지 올려준다. 이때 팔힘을 이용해 들어준다는 개념이 아닌 전면 어깨를 앞으로 밀어준다는 느낌으로 들어줘야만 수축의 느낌을 알 수 있다.

주위 : 간혹 승모근을 이용해 들려고 하는 경향도 있는데, 잘못된 자세라는 걸 알아두도록 하자.



③ 이완 동작 역시 수축된 느낌을 가지고 천천히 허벅지 위치까지 내려준다. 가벼운 중량으로 반복 동작을 실시해 준다.",프론트 레이즈는 어깨 전면부에 해당하는 삼각근을 발달시키는 운동
버드독,"네발 기기 자세를 만들어 줍니다.
어깨 수직 아래는 손이,
엉덩이 수직 아래는 무릎이 오게 합니다.
- 힘을 줘서 네발로 체중을 지지합니다.
- 서로 반대의 손과 발을 길게 뻗어주고 2초 정도
버텨주고 내려옵니다.

<< 주의점 >>
위에서 봤을 때 엉덩이와 어깨가 좌우로 흔들리지 않게
위의 항공샷처럼 중심을 잡아주면 됩니다.
들고 있는 팔 다리가 아닌 지지하고 있는
팔다리로 힘을 주어서 중심을 잡아주면 됩니다.","버드독 운동은 복부, 등, 골반, 엉덩이 등의 핵심 근육을 단련시키는 대표적인 코어 운동으로써 통증을 가지고 있는 사람들의 운동 처방으로도 유명한 동작입니다"
버터플라이,"1, 버터 플라이 머신 운동 방법
-벤치에 앉아 자신의 능력에 맞게 무게 조절 핀을 조정한다.
-자신의 체형에 맞게 벤치의 높이를 조절한다.
-엉덩이는 뒤쪽으로 바짝 붙이고 허리는 만곡시킨다.
-가슴은 펴고 등은 뒤로 밀착시킨다.
-머리는 가볍게 뒤로 붙이고 턱은 당긴다.
-시선은 정면을 주시한다.
-상완이 몸통과 수직이 되도록 하며 전완은 상완과 90도 각도로 만들어 손잡이를 가볍게 잡는다.
-대흉근에 집중하고 호흡을 내쉬면서 힘차게 팔을 앞으로 민다.
-호흡을 들이 마시면서 천천히 처음 자세로 돌아간다.
  이때 팔이 몸통보다 뒤쪽으로 가지 않도록 한다.
-8~12회 연속으로 실시한다.
-3세트 실시하며 세트 사이 휴식은 1분가량으로 한다.",운동부위: 대흉근과 전면 삼각근. (가슴운동)
버피,"버피 기본 동작

1) 선 자세로 시작

2) 스쿼트 자세로 몸을 굽혀 바닥을 짚는다

3) 다리를 뒤로 쭉 펴서 엎드려뻗친 자세 즉 플랭크를 취한다

4) 다리를 당겨 앉아 스쿼트 자세로 돌아간다

5) 일어선다

이것이 가장 기본적인 버피 자세이며, 개인의 운동 역량에 따라 조금씩 변형된 버피 동작이 파생되었다. 3)번 자세에서 추가로 푸쉬업을 해도 좋고 5)번 일어서는 동작에서 양손을 어깨위로 뻗어 점프를 해도 운동의 강도가 높아진다.

버피 운동을 처음 시작하는 분이라면 낮은 강도에서 시작해야 무리가 없으므로 위의 기본 동작만 따라하더라도 강력한 운동효과를 맛 보게 된다. 최근에는 홈 트레이닝 열풍으로 슬로우 버피(Slow Burpee)가 등장하였는데, 위 의 4가지 동작을 아주 천천히 수행하면서 3)번 자세를 취할 때 다리를 동시에 쭉 뻗지 않고 한 다리 씩 뻗으며 소음을 최소화 하는 슬로우 버피가 있다.",전신 근육을 이용한 유산소성 근력 훈련
벤치 딥스,"홈트레이닝 삼두 운동, 벤치 딥스 STEP 1.
- 어깨너비로 골반 옆에 손이 떨어지도록 손을 잡아줍니다.
- 다리는 앞으로 뻗어 직각으로 만들어 주시면 됩니다. 

홈트레이닝 삼두 운동, 벤치 딥스 STEP 2.

팔꿈치를 양쪽으로 모은다는 느낌으로 

그대로 내려갔다가
올라갈 때는 팔을 완전하게 펴서 

삼두근의 개입(근육의 수축)을 유도시켜 줘야 합니다. 


Tip
팔꿈치가 모아진다는 느낌으로 운동하시면 삼두근육의 개입이 좋아집니다 

팔꿈치가 벌어졌을 때 VS 

팔꿈치가 모아졌을 때 (올바른 방법)

홈트레이닝 삼두 운동, 벤치 딥스의 잘못된 자세 1.


그리고 이렇게 팔꿈치보다 더 아래로 내려가게 되면, 

어깨의 개입이 강해져 삼두의 자극이 분산되버립니다.

벤치 딥스는 삼두 운동입니다! 

어깨 개입이 일어나선 안되겠죠!

상체는 곧게 펴고 어깨와 팔꿈치가 

거의 직각이 되도록 신경 써 줍니다.



이 동작으로 벤치 딥스를 하셨을 때, 

강도가 좀 약하다! 라고 생각하시는 분들은



이렇게 미소가 하는 방법대로 다리를 구부리지 않고 

쭉 펴서 벤치 딥스를 해준다면

체중이 상체에 더 실리기 때문에 

강도를 좀 더 높일 수 있다는 점 기억해주세요.

",벤치 딥스는 삼두근의 참여도를 훨씬 더 높게 하는 웨이트 트레이닝
사이드 플랭크,"바닥에 무릎을 꿇고 앉아 무릎을 어깨너비로 벌립니다. 한쪽 손을 골반에 올리고 다른 팔은 완전히 뻗어서 손을 무릎 옆 바닥에 댑니다. 손을 내리면서 상체의 체중을 완전히 편 팔로 옮기고 반대편 다리는 완전히 펴서 무릎과 발끝이 바닥에서 떨어지게 합니다. 체중을 바닥에 대고 있는 무릎으로 옮깁니다. 이것이 시작 자세입니다.

편 다리를 천천히 낮춰서 발끝이 바닥에 닿도록 합니다. 잠시 멈췄다가 허벅지를 꽉 조이면서 다리를 들어 시작 자세로 돌아갑니다.","복부를 포함하여 골반을 감싸는 근육, 둔근, 척추를 지탱하는 근육 등 다양한 핵심 영역의 근육을 단련"
아놀드 프레스,"
1. 덤벨을 잡고 손바닥이 자신을 바라보게 하여 준비를 합니다.

 

2. 팔꿈치는 벌어지지 않도록 하며 어깨보다 쪼금 벌어지게 합니다.

 

3. 손목을 안쪽으로 회전시켜며 덤벨을 들어 올립니다. 이때 손바닥이 마주 보이게 돌리는 것 이죠.

 

4. 손바닥이 앞을 보도록 쭉 들어 올립니다. 팔꿈치는 쭉피지 않도록 합니다. 

 

5. 다시 역순으로 처음 자세로 돌아옵니다. 반복 수행 합니다. ",아놀드 프레스의 주자극부위는 전/측면 삼각근과 협력근은 상완삼두근 입니다.
언더 그립 바벨로우,"
1. 다리는 어깨 넓이로 적당히 벌린 뒤 몸을 지탱 한다
반동을 줄이고 안정된 자세를 유지하기 위해서 입니다. 몸이 지지 되어야 바른 자세가 나옵니다.
?

2. 허리를 숙이는 각도는 자신에게 적합한 자세를 선택한다



바벨로우를 할 때 허리를 숙이는 각도는 정답이 없습니다. ( 선수들도 천차만별. 물론 허리를 너무 세우는건 안됩니다. )

보통 왼쪽 자세(허리를 더 세워도 무방)로 대부분의 사람들이 바벨로우를 진행하지만

오른쪽 자세처럼 허리를 완전히 숙여 90도를 만들어서 진행하는 것도 상관없습니다.



왼쪽의 경우 오른쪽에 비해 고중량을 다룰 수 있지만 등근육의 비중이 줄어들며

오른쪽의 경우 왼쪽에 비해 고중량을 다룰 수는 없지만 등근육에 집중하여 진행할 수 있습니다. ( 완벽한 자세가 아닌 이상 허리가 아픈게 함정... )


승모근 운동이 되버릴 정도로 허리를 세워서 진행하지만 않으시면 되므로

다양하게 허리를 숙여보시고 자신에게 맞는 자세를 찾는게 중요합니다. ( 아마 왼쪽자세가 가장 편안할껍니다. ㅎㅎ )


3. 팔로 든다고 생각하지마라

물론 바벨을 팔로 잡고 드는 운동이지만 팔은 그냥 바벨을 잡는 쇠고리, 연결고리라고 생각하시면(팔에 잔뜩힘을 주고 드는식은 안되요..)

등근육에 조금 더 집중할 수 있습니다.


4. 등중앙부를 접는다고 생각하고 들어라

바벨을 들 때 등 중앙부를 접는다고 생각하시면서 드시면 등근육에 더 집중할 수 있습니다.

무거운 중량의 경우 배꼽근처까지 터치를 못하고 내려갈때가 있는데

이 경우는 중량을 낮추셔야 합니다. 완전히 등을 접는 동작까지 나와야 근성장에 좋기 때문입니다.

( 고중량 도전 이나 세트 마지막의 경우는 괜찮습니다. )


5. 팔꿈치로 뒤에 있는 사람을 때린다고 생각하라

등 중앙부를 접는다고 생각하시면서 바벨을 들고 있는 팔의 팔꿈치로 뒤에 있는 사람을 때린다고 생각하면서

당기시면 등 근육에 더 집중할 수 있습니다.


6. 반동을 자제하고 허리와 하체의 자세를 유지하라

굉장히 힘든운동이다 보니 바벨로우를 하시다보면

나도 모르게 반동을 쓰게 되고 허리와 하체가 흐뜨러지는 현상이 발생합니다.

최대한 자세를 유지하셔서 정자세를 유지하는 것이 중요합니다. ( 자세가 흐뜨러질 떄는 중량을 낮추고 정자세로 하는게 이득입니다. )

P.S 물론 중수 이상의 분들은 적절한 반동으로 운동효율을 높이기도 합니다.


7. 시선은 앞을 바라보지 말기

바벨로우를 드실 때 자신의 중량 드는 모습을 보신다고 시선을 앞으로 하고 거울을 바라보시는 분들이 있습니다.

이 경우 신체의 불안정한 자세를 초래하므로 좋지 않다고 하네요.

그렇다고 완전 땅밑을 보시기 보다는 정면과 땅밑의 중간정도(약간 아래)를 바라보시는며 하는게 좋습니다.


8. 내릴때는 천천히 , 들어올릴 때는 적당히 빠르게

내릴때는 등근육으로 버티신다고 생각하시면서 내리면

근육성장에 더 좋습니다. 들어올릴때는 내릴때보다 빠르게 들어올리시면 됩니다.


9. 등근육을 완전히 편다고 생각하시면서 내리시는 것도 하나의 좋은 방법입니다

보통 다른운동들은 80~90%정도까지 내리지만 바벨로우 및 등 운동의 경우

팔을 완전히 펴시면서 등근육을 완전히 편다고 생각하시면서 더 내리신뒤 바벨을 들어올리면

등 근육 하나하나를 수축이완하는 듯한 색다른 자극을 얻을 수 있습니다.

( 초보 분들의 경우 이해하기 힘드실 수도 있는 동작입니다. )


10. 목을 으쓱거리면서 들지 않기

허리가 너무 세워져 있거나 고중량의 경우, 등 중앙부를 접는다는 것에만 집중할 경우

목을 으쓱거리면서 들게 되는 경우가 있습니다.

이 경우 등운동이 아닌 승모근 운동(쉬러그)이 되어버리므로 유의할 필요가 있습니다.","① 오버그립(손바닥이 바닥을 향하게 하여 일반적으로 잡는 그립)으로 어깨너비보다 넓게 잡게 되면 등 상부(승모근, 능형근)의 자극이 됩니다.

② 오버그립으로 어깨너비로 바벨을 잡으면 등 하부(광배근 위주)의 자극이 됩니다."
친업,"철봉 운동법 :: 기본 친업

 

친업은 이두근을 단련하는 데 좋은 복합관절운동이에요.

팔뚝 뿐 아니라 등 근육을 강화하는데됴 효과가 있죠.

이두근을 단련하시려면 손과 손 사이 간격을 좁게,

등 근육을 단련하시려면 간격을 넓게 잡아 수행해주세요.

 

먼저 철봉을 팔꿈치가 앞으로 가도록 잡습니다.

이두근(팔뚝)의 힘으로 상체를 들어올려 주세요.

가슴이 굳이 철봉에 닿을 필요는 없구요.

약 1-2초동안 자세를 유지한 후, 천천히 몸을 내려

처음 자세로 돌아와 주세요.



",친업'의 자극부위는 등근육중에서도 광배근 중부와 하부에 집중할 수 있습니다. 상완이두근 팔 힘까지 기를 수 있는 운동입니다. 
트위스트 크런치,"<바이시클 크런치 하는법>

1. 천장을 보고 누워 양손에 깍지를 끼고 머리뒤를 받친다.

2. 머리는 바닥에서 들어올리고 다리는 직각으로 구부린다.

3. 몸통을 좌우로 비틀며 왼쪽무릎과 오른쪽 팔꿈치를 닿게한다.

4. 다시 원상태로 돌아오며 이번에는 오른쪽무릎과 왼쪽 팔꿈치를 닿게한다.

5. 위의 동작을 반복한다.","다음 역시 외복사근과 내복사근을 단련시키기에

효과적인 크런치운동 입니다."
하이바 스쿼트,"
1. bar 앞에 서서 (어깨 너비보다 살짝 넓은) 적당한 그립을 잡는다. 그립의 용도는 스쿼트를 할 때 팔 힘을 이용하기 위함이 아닌 bar의 균형을 더 안정적으로 하기 위한 용도로 쓰인다. 실제로 앉았다가 일어설 때 팔에 힘을 주면 조금 더 도움을 받을 수는 있지만 어짜피 팔은 금방 지치게 되어 별 쓸모가 없다. 시작부터 효율 떨어지는 짓을 위한 견착은 하지 말자.

 
팔이 아무리 두껍고 강하다 할지언정 스쿼트에서 사용할 정도의 무게를 컨트롤 할 순 없다.

?
2. 고개를 숙이고 들어가 bar를 견갑골 상단(승모근 위)에 견착한다. 이때 팔굼치의 방향은 로우바 스쿼트처럼 뒤로 억지로 뺄 필요 없이 자연스럽게 하면 되는데 견착이 불안하게 느껴지면 뒤로 빼도 되고 그런게 아니라면 지면을 향해도 큰 상관 없다. 또한 견갑골을 모아 등을 잘 수축 시키고 가슴을 확장시켜야 bar를 짊어지기가 좋은 최적의 상태가 된다. 따라서 상체의 경우 기울어지는 각만 살짝 변화할 뿐 동작을 수행하는 내내 가슴을 똑바로 세운 채 등이 수축 된 상태를 유지해야 한다. 그리고 bar를 짊어진 상태에서의 재 세팅은 위험하기도 하지만 고중량일 땐 아얘 불가능 하기에 처음(렉에서)부터 제대로 세팅하는 습관을 들여야 한다.

 
bar를 승모근 위~견갑골 꼭대기에 올리는 하이바 스쿼트는 견착에 있어서는 로우바 보다 확실히 편하고 안정감이 있다. 이는 손목과 팔의 부담을 덜어주며 어깨 유연성을 크게 필요로 하지 않는다.


3. 렉에서 뽑아들고 뒤로 몇걸음 옮겨 스탠스를 잡는데, 자신의 골반 너비나 그보다 조금 더 넓게 본인의 신체에 적합한 스탠스로 세팅 한다. 이때 양 발은 살짝 바깥으로 벌려 쪼그려 앉기 편한 각을 만들고 바의 위치가 발의 중앙과 같은 라인이 될 수 있도록 한다.

?

4. 숨을 크게 들이마셔 복압을 만들어 척추를 보호한 상태로 내려가는데, 하강 전 호흡은 한번만 하던 여러번을 하던 본인이 편한대로 하면 되지만 너무 복압을 많이 넣으면 압력이 너무 커져 빨리 내뱉고 싶어지기에 오히려 퍼포먼스에 악영향을 줄 수 있으니 맥스 흡입량의 약 7할 정도를 채우고 내려가는 것이 좋다.   


복식호흡을 못하는 사람이라도 들이마시자 마자 공기가 배로 가게 할 필욘 없으므로 걱정말라. 일단 크게 들이마시고 난 뒤에 배를 빵빵하게 만들면 된다. 누가 누가 배 많이 나오나 시합을 한다고 생각해보자. 지금 이 글을 읽고 있으면서도 약간의 들숨과 함께 복부를 팽창시키는 시도는 가능하다.

 
아무리 좋은 리프팅 벨트라 해도 복압의 효과를 배가 시켜줄 수는 있지만 대신할 수는 없다. 

?

?

5. 하강은 무릎이 굽어지면서 시작된다. 엉덩이를 뒤로 뺀다는 생각보다는 무릎을 발끝 방향으로 굽힌다는 생각으로 내려가면 되는데 복압을 채우고 등을 수축한 상체는 최대한 세워진 상태로 내려가도록 한다. 유연성이 많이 부족할 수록 무릎이 심하게 앞으로 나오고 금새 상체가 많이 숙여질 것이다. 상체의 기울임은 보통 골반과 무릎이 같은 위치에 있는 패러럴 구간을 지날 즈음부터 시작되는데, 중량이 등에 실려 있기에 여기에 적힌 것처럼 쉽게 몸을 꽂꽂이 제대로 세울 순 없으니 자신의 상체가 좀 기울어졌다고 잘못된 자세로 쉽게 넘겨집지는 말자. 상체가 약간 숙여지더라도 시선은 정면을 보도록 한다.

 
?

 

6. 내려가는 속도는 빠르면 안된다. 중량이 제대로 된 경로로 이동하고 있다고 할지라도 가속도가 붙으면 그건 기존 중량보다 훨씬 더 큰 압력을 내 몸(무릎/고관절/허리/발목)에 가할 수 있기에 오래 운동하고 싶으면 중량을 충분히 컨트롤 해가면서 하강하는 습관을 들여라.

?

?

7. 어디까지 내려가야 하냐면 '버트 윙크(butt wink)'가 일어나지 않을 만큼 내려가는 게 좋다. 하이바 스쿼트는 상체각을 많이 세울 수 있기에 로우바 스쿼트보다 내릴 수 있는 깊이의 여지는 더 클 수 밖에 없다. 몸통이 자신의 두 다리 사이로 들어가 충분히 담궈질 수 있도록 꾸준한 연습이 필요하다. 로우바 스쿼트는 깊이 내려가기도 힘들지만 패러럴 정도만 하면 엉덩이에 자극이 굉장한 반면, 하이바는 깊게 앉지 않는다면 둔근 자극이 많이 아쉬워지는 게 사실이다. 그렇다고 버트 윙크를 무시하고 계속 깊게 앉으려고만 한다면 건강하게 오래 스쿼트 하기는 어려울 것이다.","하이바- 대퇴사두 많이 햄스트링, 둔근 조금"
행잉 레그레이즈,"
1. 철봉을 적당한 넓이로 잡은 후 매달려줍니다.

2.. 아랫배에 힘을 준 뒤 다리(골반)를 위로 말아 올려줍니다.

3. 내릴때도 천천히 자극을 느끼며 내려줍니다.

주의 사항
1. 철봉에 매달렸을 때 몸이 앞뒤로 흔들리지 않도록 복부에 힘을 주어 코어를 단단히 해줍니다.

2. 다리를 올리는것이 아닌 골반을 올린다는 생각으로 올려줍니다.

3. 다리를 너무피게 되면 허벅지에 힘이 들어갈 수 있으니 다리는 살짝 굽혀줍니다.

4.다리를 내릴 때 너무 빠르게 내리면 허리에 부상이갈 수 있으니 천천히 내려줍니다.

 ",이두근과 삼두근 등의 팔근육을 강하게 만들고요. 허공에 뜨면서 필요한 균형 능력을 위해 몸통의 중심인 척추기립근을 발달시킵니다. 복근을 둘러싸고 있는 주변 근육의 협응은 말 할 것도 없죠.
