,title,title_label,desc,desc_label
0,김부겸 이재용 사면 경제계 상황 정리해 대통령께 전달할 것 ,0,김부겸 국무총리 후보자는 일 경제계의 이재용 삼성전자 부회장 사면 요청에 대해 경제계그분들이 갖고 있는 상황 인식 등 그런 문제를 잘 정리해서 대통령께 전달드리겠다 고 밝혔다 김 후보자는 이날 오전 국회 ,1
1, 삼성전자 분기에 반도체 실적 개선 기대 증권,0, 증권에서 일 삼성전자 에 대한 큰 폭의 실적 개선이 기대된다고 예상했다 증권 김동원 연구원의 보고서에 따르면 삼성전자 반도체 부문은 분기부터 실적 개선선이 기대된다 라며 디램 낸드의 ,1
2,암호화폐 거래소도 경영업비트도 억원 쏜다종합,1, 삼성전자 네이버 등 국내 주요 기업이 환경사회지배구조 경영 강화에 나선 가운데 핀테크 스타트업 두나무도 경영 실천에 나섰다 국내 암호화폐 거래소 업비트를 운영하는 두나무는 억원을 투자해 ,1
3,김부겸 백신수급 가짜뉴스 엄벌 상반기 접종약속 지킬 것 ,0,또한 김 후보자는 여야 의원들의 종부세와 이재용 삼성전자 부회장 사면 등 질의에 대해 재산세종부세는 전체 부동산 정책이 흔들리지 않는 방향에서 고민하겠다 고 했으며 이재용 부회장 사면에 대해서는 사면은 ,1
4,인텔 투자 공습부담 커지는 삼성전자 ,0,미국 인텔에 이어 대만 등 글로벌 반도체 기업들이 잇달아 투자에 나서면서 삼성전자 에 부담도 커지고 있다 반도체 시장에서의 우위를 선점하기 위해서는 적극적인 투자와 시기기 중요해서다 올해 분기 ,1
5,상속세 납부로 고개 드는 이재용 사면론 경계하는 정치권,0,최근 경제계와 이들의 주장에 힘을 싣는 복수의 언론을 중심으로 이재용 삼성전자 부회장 사면론이 고개를 들고 있다 이에 합심한 이원욱양향자 등 일부 여당 의원도 목소리를 보탰다 삼성 일가의 고 이건희 전 회장 ,1
6,인사청문회 김부겸 이재용 사면 대통령에 전달한다 ,0,김부겸 국무총리 후보자는 일 재계와 정치권을 중심으로 제기되는 이재용 삼성전자 부회장의 사면 요구에 대해 국회 동의를 받아 취임하면 경제계를 만나 그분들이 갖고 있는 상황 인식을 잘 정리해 문재인 대통령에게 ,1
7,상장협 정세균 전 국무총리 만나 정책간담회 진행,0,이날 간담회에서는 이재용 삼성전자 부회장의 사면을 적극 검토해달라는 요청도 나왔다 정구용 회장은 반도체는 코로나 경제위기 극복의 원동력은 물론 최근 심화되고 있는 국가간 기술패권 전쟁의 핵심 자원 이라며 ,1
8, 메모리가 한몸반격 나선 삼성전자 ,0,반도체 패권을 둘러싼 글로벌 기업들의 힘 겨루기가 숨 가쁘게 이어지는 가운데 시계 제로에 직면한 삼성전자 가 파운드리반도체 위탁생산 시장의 반전에 나선다 중앙처리장치 그래픽처리장치 등의 ,1
9,안규백이원욱양향자 의원 이어 김부겸까지 여권서 이재용 사면론 확산,0,글로벌 반도체 패권 경쟁이 치열해지고 있는 가운데 여권 내에서도 이재용 삼성전자 부회장의 사면론이 확산되는 분위기다 안규백이원욱양향자 의원에 이어 김부겸 총리 후보자까지 가세한 것 현재 글로벌 반도체 ,1
10, 삼성 세대까지 나오는데 더딘 폴더플 시장 성장세 애플 참전하면 시장 ,1,폴더블폰 시대를 연 삼성전자 가 신제품 갤럭시 폴드 와 갤럭시 플립 출시를 앞둔 가운데 중국 업체들도 비슷한 제품을 선보이며 경쟁에 가세하고 있다 폴더블 스마트폰이 고급 모델의 차세대 판매 포인트로 ,1
11,상장협 정세균 전 국무총리 초청 정책 간담회 개최,1,이어 특히 반도체는 코로나 경제위기 극복의 원동력이며 국가 간 기술패권전쟁의 핵심 자원이라며 국민의 이상이 찬성하는 만큼 국가 경제 발전 측면에서 이재용 삼성전자 부회장의 사면도 적극 검토해달라 ,1
12,이재용 삼성 생명 최대주주 적격성심사 어떤 경우도 지배구조 이상 ,0,이재용 삼성전자 부회장이 삼성 생명 대주주인 삼성 물산의 최대주주 자격으로 매 년마다 정기적으로 금융당국의 적격성 심사를 받게 됐다 금융회사지배구조법에 따라 금융당국은 최대주주 중 최다 출자자 인을 대주주 ,1
13, 로펌 삼성전자 하이닉스 등 램 담합 또 소송 제기,0,서울 서초구 삼성 딜라이트샵에 전시되어 있는 램 낸드 플래시 모바일 조명 사진뉴시스 한국의 삼성전자 와 하이닉스 미국의 마이크론 등 램 제조업체들이 미국 현지에서 램가격 담합 ,1
14,유족 기증 취지 중요한데지자체 이건희 미술관 유치 경쟁 가열,0,김승원 더불어민주당 의원수원갑도 삼성전자 본사와 이건희 회장 묘소가 있는 수원시에 이건희 미술관 유치에 나서 달라고 요청했다 지자체들보다 앞서 미술계 인사 여명은 지난달 일 이건희 회장 기증품을 ,1
15,동탄 최초 아트 스트리트 몰 등장에 투자 몰린다동탄테크노밸리 ,0,동탄테크노밸리 내 상주 근로인구 외에도 삼성전자 두산중공업 한국 등 대기업 업무단지 등 총 약 만여 명의 배후수요가 점쳐지고 있다 한편 현대 실리콘앨리 아트 동탄의 모델하우스는 한미약품 뒤편인 ,1
16, 토마토상폐 심의 앞둔 코아시아옵틱스 스톡옵션 부여 인력유출 방지 ,0,한편 코아시아옵틱스는 이번 주총에서 임내성 전 삼성전자 해외주재파견 최고재무책임자 를 신임 감사로 선임하기로 했다 새롭게 선임되는 임 감사는 삼성전자 해외주재파견 와 스테코 엑시콘 경영지원팀장 ,1
17,종목속으로 공매도 표적 된 디스플레이 실적으로 방어할까,0,대차거래 금액 기준으로 보면 삼성전자 조 억원 하이닉스 조 억원 셀트리온 조 억원 디스플레이 조 억원 순이다 대차거래는 차입자가 기관 등에 일정한 수수료와 담보물을 지불하고 주식을 ,1
18, 삼성 보급형 폰 갤럭시 인증기관서 포착,0,트위터 캡처 삼성전자 의 가장 저렴한 스마트폰 갤럭시 가 인증기관 데이터베이스에서 발견됐다 데이터베이스에서 발견된 갤럭시 모델 번호는 등 종이다 모델 ,1
19,김부겸 이재용 사면 재계 의견 대통령께 전할 것 ,0,사진뉴시스 김부겸 국무총리 후보자가 재계를 중심으로 제기되는 이재용 삼성전자 부회장 사면 요구와 관련 국회의 동의를 받아서 총리로 취임하면 경제계를 만나 그분들이 갖고 있는 상황 인식 등을 잘 정리해서 ,1
20,미 환경보호청 냉장고에어컨 냉매 단계적 사용금지 발표,0,이는 백색가전 수출에서 세계적 경쟁력을 갖고 있는 삼성전자 와 전자 에 직접적 영향을 주는 결정으로 우리 기업의 철저한 대비를 의미한다 삼성전자 와 전자 의 백색가전 생산 규모는 세계에서 최상위권이다 ,1
21,코지마 차세대 플래그십 안마의자 레전드 시그니처 출시,1, 인치 삼성전자 갤럭시 태블릿도 기본으로 제공된다 기기를 활용해 안마의자를 제어할 뿐만 아니라 마사지를 받으면서 각종 모바일 콘텐츠를 동시에 즐길 수 있다 또 하단 마사지부와 다리부에 끼임 사고를 방지하기 ,1
22, 삼성전자 반도체 매출 위 재탈환 가능성 투자 압박 부담,1, 삼성전자 반도체 매출 위 재탈환 가능성 투자 압박 부담 삼성전자 반도체 부문 올해 분기 실적이 기대되고 있다 분기 만에 반도체 매출 세계 위 자리를 다시 탈환할 것으로 예상되기 때문이다 지난 일 ,1
23,김부겸 이재용 사면 다양한 의견 듣고 대통령께 전달할 것 ,0,김부경 국무총리 후보자는 일 이재용 삼성전자 부회장의 사면에 대해 다양한 의견을 듣고 대통령에게 전달할 것 이라고 말했다 김 후보자는 국회에서 열린 인사청문회에서 일반론으로 말하자면 사면은 국가 최고 ,1
24,이재용 공판서 전 직원 프로젝트 지배구조 개선 아이디어 정리 ,0,이재용 삼성전자 부회장의 부당합병회계부정 혐의 재판에 증인으로 출석한 전 삼성 증권 직원이 소위 경영권 승계계획안이 담겼다는 프로젝트 에 대해 지배구조 개선 아이디어를 정리한 보고서 라고 진술했다 ,1
25,영화부터 화상회의까지자동차 운전석의 진화,1,엔터테인먼트와 생산성 두 마리 토끼를 잡는다 현대모비스와 함께 글로벌 기업을 선도하는 삼성전자 도 디지털 콕핏 구현에 주력하고 있다 현대모비스는 신개념 자동차탑승객 연결 경험을 삼성전자 는 하만과 ,1
26, 은 재차 검토계획 없다는데정치권서 왜 이재용 사면 갑론을박,0,이재용 삼성전자 부회장 사진연합뉴스 사면결정권을 가진 청와대가 이미 두 차례나 사면계획이 없다고 밝혔음에도 정치권을 중심으로 이재용 사면 갑론을박이 벌어지고 있다 종교계 등 외부에서 시작된 이재용 ,1
27,김부겸 이재용 사면 관련 경제계 인식 정리해서 대통령께 전달 ,0,김부겸 국무총리 후보자는 이재용 삼성전자 부회장 사면론과 관련해 취임한다면 경제계 분들이 가진 상황 인식을 잘 정리해서 대통령께 전달드리겠다 고 밝혔습니다 김 후보자는 오늘 국회 인사청문회에서 앞으로 미래 ,1
28,글로벌파운드리 삼성 제치고 세계 최초 상용 양자컴퓨터 팹 구축,0,파운드리반도체 위탁생산 시장 위 기업인 대만 와 한국 삼성전자 보다 먼저다 전 세계 파운드리 업계가 나노 등 초소형 공정을 통해 컴퓨팅 성능을 조금씩 높이고 있는 가운데 는 이론적으로 배 ,1
29, 폰 특허 산 특허괴물 삼성전자 에 소송,0, 전자 스마트폰의 특허를 사들인 글로벌 특허전문기업이 최근 삼성전자 를 상대로 특허침해 소송을 제기했다 전자 의 스마트폰 사업 철수 후 관련 특허가 풀리면 국내 산업 생태계에 미치는 영향이 클 것이라는 ,1
30,자작나무로 맺어진 인연이 미술품으로이건희 컬렉션 첫 공개,0,고 이건희 삼성전자 회장의 유족이 기증한 미술품이 속속 베일을 벗고 있다 강원 양구군립 박수근미술관은 일부터 이건희 컬렉션 점을 전국 최초로 선보인다 대구미술관도 기증 받은 지역 근대 화가들의 작품 ,1
31,코지마 차세대 플래그십 안마의자 레전드 시그니처 출시,1,레전드 시그니처는 기본 제공되는 인치 삼성전자 갤럭시 태블릿으로 안마의자 제어뿐 아니라 마사지를 받으면서 각종 앱과 모바일 콘텐츠도 동시에 즐길 수 있다 또 하단 마사지부와 다리부에 끼임 사고를 방지하기 ,1
32, 삼성 피해자 단체 이재용 부회장 사면 반대 ,0,이날 이들 단체는 오늘 일이 이재용 삼성전자 부회장이 대국민 사과를 한 지 년이 되는 날 며 그런데 삼성 은 아직까지 피해자 문제를 해결하지 않고 있다 고 지적했다 기자회견 자료를 통해 경총 등 재계 종교계 ,1
33,대구가 낳은 이건희이건희 미술관 대구 품에 안길까,1,수원시에는 삼성전자 본사와 이 회장의 묘소가 있다 김승원 더불어민주당수원 갑 의원은 최근 수원시에 이건희 미술관 유치에 나서달라고 요청했다 이 밖에 이건희 컬렉션을 기증받은 광주시 대전시 등도 미술관 ,1
34,에스티아이 마이크론 싱가포르 낸드 팹에 억 규모 장비 수주,0,하지만 최근 낸드플래시 시장 위인 삼성전자 보다 먼저 단 낸드플래시를 개발하는 등 기술 경쟁력을 과시하고 있다 에스티아이 측은 최근 세계적인 반도체 수급난으로 글로벌 반도체 기업들의 투자가 잇따르는 ,1
35,김부겸 군 호봉 가산 확대 야 공세에 사려깊지 못했다 보,0,이재용 삼성전자 부회장에 대한 사면론에 대해서는 제가 국회에 동의를 받아서 총리로 취임하면 경제계도 만나지 않겠나 라며 그분들이 갖고 있는 상황 인식 등 그런 문제를 잘 정리해서 대통령께 전달드리겠다 고 ,1
36,이재용 재판서 프로젝트 대주주 지배력 강화 목적 아냐 경영상 대응 ,0,경영권 승계 혐의를 받고 있는 이재용 삼성전자 부회장의 재판에 나온 전직 삼성 증권 팀장이 삼성 그룹의 프로젝트 와 관련해 경영과 관련해 생각할 수 있는 가능한 시나리오라고 증언했다 승계 작업을 위해 ,1
37,왕회장 사업보국 평생 노력 손자 정의선 로 결실 맺었다,1,최준선 성균관대학교 법학전문대학원 명예교수는 삼성전자 와 더불어 현대자동차 같은 국민기업이 등장하려면 정부의 정책적 지원이 뒷받침돼야 한다며 오늘날 대다수의 기업들이 상속세 법인세 등의 문제로 ,1
38, 삼성 증권 직원 총수 지배력 약화 가능성 검토했다 ,0,이재용 삼성전자 부회장의 부당합병회계부정 혐의 재판에 증인으로 출석한 전직 삼성 증권 직원이 과거 그룹 미래전략실과 함께 이 부회장 등 총수 일가의 그룹 지배력 약화 가능성을 검토했다고 진술했다 ,1
39,양양에 지은 꿈,1,그곳에서 머무는 동안 일상을 윤택하게 해줄 삼성전자 비스포크 홈을 만났다 양양 에서 만난 윤승아 김무열 부부 촬영날 함께한 반려견 틴틴까지 포즈를 취했다 사무실 용도로 사용하는 층은 컬러 매치가 ,1
40,김부겸 이재용 사면 경제계 인식 문대통령께 전달 ,0,김부겸 국무총리 후보자가 일 정치권과 경제계 등 각계에서 이재용 삼성전자 부회장 사면이 필요하다는 주장이 제기되는 것에 대해 국회 동의를 받아 총리로 취임한다면 경제계를 만나 상황 인식을 잘 정리해 문재인 ,1
41,사나폰 갤럭시 폴드 플립 이미지 유출 기존 폴드 플립 특가전 진행 ,0, 삼성전자 의 차세대 폴더블 스마트폰 갤럭시 폴드 와 갤럭시 플립 의 공식 홍보 영상 중 이미지가 유출됐다 유출된 이미지에서는 갤럭시 플립 에 이상의 넓어진 외부 디스플레이가 눈에 띈다 기존 인치대의 ,1
42, 삼성전자 독자구조 차세대 반도체 기술 개발,0,생산 기간 단축 시장경제최유진 기자 사진 삼성전자 삼성전자 가 로직 칩과 개의 칩을 하나의 패키지로 구현한독자 구조의 패키지 기술 를 개발했다고 일 밝혔다 이 ,1
43,김부겸 이재용 사면 경제계 의견 대통령에 전달할 것,0, 반도체 미래 먹거리 핵심경쟁력 있는 삼성 그룹 배려 조치 필요 목소리 알고 있어 김부겸 국무총리 후보자는 일 이재용 삼성전자 부회장에 대한 사면론과 관련해 취임하면 경제계를 만나 그분들이 갖고 있는 상황을 ,1
44,상속 끝낸 삼성 그룹 향후 지배구조 어떻게 되나 삼성 생명 지배력 확대로 ,0, 일 박상인 서울대 행정대학원 교수는 이번 지분 상속은 이재용 부회장이 삼성 생명과 삼성전자 를 동시에 지배하는 원 삼성 의 아이디어를 그대로 가져가겠다는 것을 보여준 것 이라며 그렇지만 소위 삼성 생명법의 ,1
45, 삼성 갤럭시 시리즈 출시 년 만에 업데이트 지원 종료,1, 삼성전자 가 출시가 년 넘은 갤럭시 시리즈의 업데이트 지원을 종료했다 갤럭시 시리즈는 년 월 출시됐다 년 동안 월별 보안 업데이트를 받았으며 작년부터는 분기별 업데이트를 받았다 지난달 받은 보안 ,1
46,이건희 미술관 유치 경쟁 치열,0,이재용 삼성전자 부회장 등 고 이건희 회장의 유족들이 이건희 컬렉션으로 유명한 문화재 및 미술품 등을 기증하기로 결정하자 이건희 미술관 설립 가능성이 연이어 제기되고 있다 최근 삼성 의 창업주인 ,1
47,김부겸 이재용 사면 경제계 인식 정리해 대통령께 전하겠다 ,0,이명박박근혜 사면에 대해선 언급 피해 김부겸 국무총리 후보자는 일 경제계의 이재용 삼성전자 부회장 사면 요구에 대해 그분들이 갖고 있는 상황 인식 등 그런 문제를 잘 정리해서 대통령께 전달드리겠다 고 밝혔다 ,1
48,경일춘추윤여정과 명품,1, 삼성전자 김연아 방탄소년단이 쌓은 국격이 윤여정으로 한층 더 격상됐다 대한민국 품격의 깊이를 전 세계에 알렸다 생생한 역사적 사건으로 기록되지 않을까 미루어 짐작한다 개인 삶은 굴곡이 많았다 연기는 생활의 ,1
49, 프로젝트 지배구조 개편 시나리오 이재용 재판 증언,0,옥성구 박현준 기자 이재용 삼성전자 부회장 등의 삼성 그룹 불법합병 및 회계부정 재판에 나온 전직 삼성 증권 팀장이 프로젝트 는 생각할 수 있는 가능한 시나리오 라고 증언했다 승계 작업을 위해 무리하게 작성된 ,1
50,다시보기 월 일 목 오전 사이언스 투데이,1,경영 악화에 노사 갈등 악순환 삼성전자 인텔에 영업이익 뒤져 분기 반전 기대 월 말 외환 보유액 억 달러 역대 최대 미 무역대표부 코로나 백신 지식재산권 면제 지지 사무총장 ,1
51,김부겸 집값 안정 기조 유지하면서도 실수요자 어려움 없도록 ,0,또 이재용 삼성전자 부회장의 사면 문제에 대해선 대한민국 내에서 경쟁력 있는 삼성 그룹에 대한 배려조치가 있어야 한다는 얘기가 여기저기 나오는 것을 알고 있다 며 총리 취임 후 경제계도 만나 그분들이 갖고 있는 ,1
52,상장 추진 인피닉 억 투자유치,0,현대자동차 현대모비스 퀄컴 삼성전자 전자 등을 주요 고객사로 확보하여 데이터 및 플랫폼 서비스를 제공하고 있다 인피닉은 이번에 확보한 투자금을 바탕으로 자율주행 데이터 분야 기술 고도화에 나선다는 ,1
53,무선이어폰 혈전 삼성 애플 넘사벽 샤오미도 버겁다 선빵,0, 삼성전자 갤럭시 버즈 올해도 샤오미 못 넘는다 지난해 전 세계적으로 억 만대 이상 판매된 완전무선이어폰 올해는 전년 대비 만대 더 많은 억대 이상 팔릴 것으로 전망된다 지난 년 애플이 ,1
54,김부겸 은퇴고령자 종부세 완화 고민공급 차질없이 진행 종합,0,이재용 삼성전자 부회장 사면에 대해서는 경제계 의견을 듣고 문재인 대통령에게 전달하겠다 고 밝혔다 김 후보자는 이날 국회에서 열린 인사청문회에서 백신과 부동산 및 청년 정책 이 부회장 사면론 등 다양한 현안에 ,1
55,의령군민사회단체연합 이재용 삼성 부회장 특별 사면해야 ,0,경남 의령군에서 이재용 삼성전자 부회장을 특별 사면해야 한다는 목소리가 높아지고 있다 의령군의 정곡면은 오늘날의 대한민국을 있게 한 삼성 창업주 호암 이병철 회장이 태어나고 자란 곳이다 이에 따라 ,1
56,속보 텔레칩스 상한가 급등,1,업계에서는 삼성전자 가 중소 팹리스반도체 설계전문를 통해 국내 완성차 업계를 우회 지원한 것으로 보고 있다 텔레칩스는 디지털미디어 프로세서 등 멀티미디어와 통신관련 시장의 다양한 어플리케이션 ,1
57, 가전 훨훨 날다 삼성 분기 전망도 맑음,0, 일 관련 업계에 따르면 올해 분기에 사상 최대 실적을 달성한 삼성전자 와 전자 등은 앞으로도 견조한 흐름의 수요가 이어질 것으로 보고 맞춤형 가전을 앞세워 시장 공략에 속도를 붙일 방침이다 ,1
58,김부겸 이재용 사면 경제계 인식 정리해 대통령에게 전달할 것 ,0,사진뉴시스 월요신문김기율 기자김부겸 국무총리 후보자가 이재용 삼성전자 부회장사면에 대해 경제계의 상황 인식 등을 잘 정리해서 대통령께 전달하겠다 고 밝혔다 김 후보자는 일 오전 국회에서 열린 ,1
59,김부겸 이재용 사면론 경제계 요구 정리해 대통령께 건의 ,0,김부겸 국무총리 후보자사진는 일 이재용 삼성전자 부회장의 사면론에 대해 국무총리에 취임해 경제계를 만나게 되면 그분들이 갖고 있는 상황 인식을 잘 정리해서 대통령께 전달드리겠다 고 일 밝혔다 김 후보자는 ,1
60,김부겸 이재용 사면 경제계 인식 정리해서 대통령에게 전달 ,0,김부겸 국무총리 후보자는 일 이재용 삼성전자 부회장의 사면 주장과 관련 국회의 동의를 받아서 총리로 취임하면 경제계도 만나지 않겠나 며 그분들이 갖고 있는 상황 인식 등 그런 문제를 잘 정리해서 대통령께 ,1
61, 폰 철수 나비효과특허괴물은 삼성 노린다,0, 의 스마트폰 기술 특허를 사들인 글로벌 특허 전문기업이 삼성전자 를 상대로 소송을 제기했다 일각에서는 전자 의 스마트폰 사업 철수 이후 관련 특허가 시장에 풀리면서 특허 괴물들의 이같은 공격이 잦아질 ,1
62,현장연결 삼성 합병 의혹 이재용 차 공판증인 신문 시작,0,지난해 이재용 삼성전자 부회장의 대국민 사과 이후 년이 되는 날입니다 공교롭게도 이재용 부회장의 삼성 합병 의혹 사건 두 번째 공판이 열리는 날이기도 합니다 오늘 일부터 본격적인 증인 신문이 시작되는데요 ,1
63,이재용 사면론에 김부겸 경제계 인식 정리해 대통령께 건의 ,0, 대통령 국민 마음 판단 우선 취지 김부겸 국무총리 후보자가 일 정치권에서 제기된 이재용 삼성전자 부회장 사면론에 대해 재계가 갖고 있는 상황 인식 문제를 잘 정리해 대통령께 전달하겠다 고 밝혔다 이명박 ,1
64, 삼성 의 시스템반도체 등 전략에 꼭 필요한 가지,1,이것에 대한 인식을 정확히 해야만 삼성전자 시스템반도체 등 전략의 방향을 논해 볼 수 있을 것 같습니다 이 글은 개월 전인 작년 월 일자로 제가 쓴 최원석의 디코드 삼성 이 대만 를 이기기 어려운 가지 ,1
65,김부겸 이재용 사면론 경제계 의견듣고 문대통령에 전달할 것 ,0,김상훈 기자 이준성 기자 김유승 기자 김부겸 국무총리 후보자는 일 최근 정치권과 재계에서 제기된 이재용 삼성전자 부회장 등에 대한 사면론과 관련해 취임하면 경제계를 만나 그분들이 갖고 있는 상황을 잘 정리해 ,1
66,시그널 네이버 민간기업 최초 외화채권 증액발행 성공 억 달러 확 ,1,국내 기업 중 해외에서 채권을 발행하는 급 이상 민간기업은 삼성전자 삼성 텔레콤 브로드밴드 등에 불과하다 특히 국제신용평가사 스탠더드앤드푸어스는 이번 ,1
67,상속 마무리한 이재용 자본시장법 위반 의혹 공판 출석,0,고 이건희 회장의 상속 문제를 옥중에서 마무리한 이재용 삼성전자 부회장이 자본시장법 위반 의혹 사건의 차 공판에 출석했다 이재용 부회장은 지난 차 공판에서 공소사실을 인정할 수 없다며 모든 ,1
68,김부겸 개헌 국회 권한 경제계 이재용 사면 요구 대통령에 전달 ,0,또한 김 후보자는 이명박박근혜 전 대통령과 이재용 삼성전자 부회장에 대한 사면론이 제기되는 데 대해서는 사면은 우리 헌법을 통해 대통령이라는 국가 최고 책임자에게 부여된 최고 권한이라고 생각한다 며 ,1
69,김부겸 이재용 사면 경제계 의견 대통령에 전달할 것상보,0,김부겸 국무총리 후보자가 이재용 삼성전자 부회장에 대한 사면에 대해 총리에 취임한다면 경제계를 만나 상황 인식을 잘 정리해 대통령께 전달하겠다고 전했다 또 김 총리 후보자는 종합부동산세 완화 주장에 대해 ,1
70,김부겸 세금 체납 논란 부끄럽다 사면론엔 대통령께 전달할 것,0,이명박박근혜 전 대통령과 이재용 삼성전자 부회장 사면 여부에 대해서는 여러 상황 인식을 잘 정리해서 대통령께 전달 드리겠다고 말했다 김 후보자는 김윤덕 더불어민주당 의원의 사면론과 관련한 질의에 ,1
71,이건희 미술관 유치 최적지는 수원,0,이는 수원시의 경우 삼성전자 본사와 더불어 고인인 이건희 회장의 묘소가 위치해 있다는 연관성 때문으로 지역 정치인들 중심으로 수원이 최적지라는 의견이 나오고 있다 일 수원시와 지역정가에 따르면 가장 먼저 ,1
72,김부겸 이재용 사면론에 경제계 인식 대통령께 전달하겠다,0,김윤덕 민주당 의원 국민의 뜻 받들어야 이은주 정의당 의원 이건희 이어 세습사면 김부겸 국무총리 후보자가 일 경제계와 정치권 일부에서 이재용 삼성전자 부회장 사면이 필요하다는 주장이 제기되는 것과 ,1
73,정세균 상장 만나는 경제 행보경제통 이미지 부각,0,최근 정세균 계 핵심으로 꼽히는 이원욱 더불어민주당 의원이 이재용 삼성전자 부회장 사면론을 강하게 꺼내든 시점에서 정 전 총리가 경제인들과 만나 어떤 메시지를 낼지 주목된다 정 전 총리는 이날 오후 서울 ,1
74,인사청문회 김부겸 이재용 사면론 경제계 의견 대통령께 전달할 것,0,김부겸 국무총리 후보자가 이재용 삼성전자 부회장의 사면론에 대해 총리가 된다면 경제계의 상황 인식을 잘 정리해 전달하겠다는 입장을 전했다 김 후보자는 일 국회에서 열린 인사청문회에서 김윤덕 더불어민주당 ,1
75,자율주행 데이터 전문기업 인피닉 억원 규모 투자 유치,0,현대자동차 현대모비스 퀄컴 삼성전자 전자 등을 주요 고객사로 확보하여 데이터 및 플랫폼 서비스를 제공 중이다 지난해 말 유럽 법인이 설립됐으며 유럽 현지의 전문가들로 구성된 경영진 외에도 현 볼보의 ,1
76, 소통 화합이 기업가치 높인다 구세대 공식 파괴 출시 직원 의견 ,0,진솔하고 투명하게 공유함으로써 행복경영의 진정성에 대한 공감대가 형성되고 있다고 말했다 이승주 기자 제작후원 삼성전자 현대자동차그룹 롯데 포스코 한화 이마트 네이버,1
77, 소통 화합이 기업가치 높인다 신입도 부장도 서로 호칭 조직 ,1,식사 홈 트레이닝 쿡방 등 신입사원들이 즐겁게 참여할 수 있도록 프로그램을 구성했다고 말했다 이승주 기자 제작후원 삼성전자 현대자동차그룹 롯데 포스코 한화 이마트 네이버,1
78,이재용 사면론에 김부겸 후보자 경제계 요구 정리해 대통령께 건의하겠다,0,김부겸 국무총리 후보자가 이재용 삼성전자 부회장의 사면론에 대해 국무총리에 취임해 경제계를 만나게 되면 그분들이 갖고 있는 상황 인식을 잘 정리해서 대통령께 전달드리겠다고 일 밝혔다 김 후보자는 이날 ,1
79,황창규가 만난 이건희잡스혁신 리더들은 무엇이 달랐을까,1,메모리 반도체 용량이 년에 두 배씩 늘어난다는 일명 황의 법칙은 년 황창규 당시 삼성전자 사장이 처음 언급한 이후 지금까지도 이어지고 있다 꿈꾸는 엔지니어에서 삼성전자 사장 회장 그리고 ,1
80,시그네틱스 주가 분기 연속 흑자 기록에 강세,1,패키징 시장에서 절실한 플립칩 등의 최첨단 기술을 보유하고 있고 삼성전자 하이닉스 등 유수의 반도체 기업들에게 년 이상 패키징을 공급하고 있다 최근 들어 ,1
81, 삼성전자 차세대 반도체 패키지 기술 아이큐브 개발파운드리 영역 확 ,0,로직 개 한 패키지에 구현하나의 반도체처럼 동작 클라우드 서비스 데이터센터 등 다양한 응용처 적용 확대 장은영 기자 삼성전자 가 로직 칩과 개의 고대역폭 메모리 칩을 하나의 ,1
82, 삼성전자 차세대 반도체 패키지 기술 개발,0,이투데이노우리 기자 로직과 개를 한 패키지에 구현하나의 반도체처럼 동작 삼성전자 차세대 반도체 패키지 기술 사진제공 삼성전자 삼성전자 가 로직 칩과 개의 ,1
83, 삼성 의 불안한 미래 먹거리전장모바일칩셋 속도,1, 삼성전자 가 미래 먹거리로 꼽는 전장사업과 모바일 칩셋 사업에 먹구름이 드리우고 있다 당초 기대와 달리 시장 지배력을 확대하지 못하면서 쇄신의 필요성이 제기되고 있다 재계에서는 의사결정권자 부재도 신성장 ,1
84,동탄도 반값 아파트 나왔다 동탄역 디에트르 퍼스티지 분양,0,바로 앞 롯데백화점도 오는 월 개장을 앞두고 공사에 한창인 모습이다 또 인근에 삼성전자 나노시티 화성캠퍼스 기흥캠퍼스와 수도권 최대 규모 첨단산업단지의 동탄테크노밸리를 배후수요로 두고 있어 풍부한 ,1
85,롯데 현대 지주 모처럼 웃었다 자회사 실적 이벤트,1,식품계의 삼성전자 로 거듭나고 있는 상황이다 대한통운은 코로나 로 물동량이 폭증한데다 택배단가 인상으로 실적을 이끌 것으로 보인다 올리브영의 프리 도 성공적으로 완료됐다 년 상장을 계획하고 ,1
86,자율주행 데이터 기업 인피닉 투자 유치,0, 년 설립된 자율주행분야 인공지능 데이터 전문기업이다 현대자동차 현대모비스 퀄컴 삼성전자 전자 등을 주요 고객사로 확보하여 데이터 및 플랫폼 서비스를 제공 중이다 벤처스퀘 ,1
87, 발품러 신제품 출시에도 발길 뚝 이동통신 대리점 존폐 기로,0,최근 출시된 삼성전자 의 저가형 스마트폰 갤럭시 은 이 같은 소비자들의 니즈를 고려해 자사 홈페이지 번가 쿠팡 마켓 등의 오픈마켓에서 판매하는 온라인 전용 자급제 모델을 선보이기도 했다 이통 사 ,1
88,김부겸 국무총리 후보자 인사청문회 ,0,김윤덕 더불어민주당 의원 구체적으로 두 전직 대통령 또 최근에는 이재용 삼성전자 부회장 이런 분들이 나오고 있는데요 구체적으로 더 일반적인 사면론이 아니라 당면한 문제에 대해서 말씀을 해 주시기를 ,1
89,경북창조경제혁신센터 기 모집,0,또한 삼성전자 와 연계해 판로개척과 멘토링 프로그램을 지원하며 경북센터 외부전문가 멘토링 지원을 통해 기술 사업화 유통판로 등 애로사항 해결을 지원한다 신청대상은 창업 년 이내 ,1
90, 램 강자 삼성전자 하이닉스 서 담합 혐의로 피소왜,0,국내 대표 반도체 기업인 삼성전자 와 하이닉스가 미국 소비자들로부터 년 개월여 만에 다시 램 가격 담합 혐의로 소송을 당해 그 배경에 관심이 집중되고 있다 미국 램 제조사인 마이크론 역시 함께 피소를 ,1
91,특징주텔레칩스 국내 첫 차량용 독자개발 소식에 상한가,0,텔레칩스는 자동차용 를 지난달부터 삼성전자 의 위탁생산 파운드리를 통해 시범 생산했다 이와 관련해 업계에선 삼성전자 가 중소 팹리스반도체 설계전문를 통해 국내 완성차 업계를 우회 지원한 것으로 보고 ,1
92, 삼성 뚫은 패밀리 실리콘웍스 수요 폭증에 분기 사상 최대실적 예고 ,0, 분야에서 실리콘웍스는 삼성전자 대만 노바텍에 이은 글로벌 위 기업이기도 하다 실리콘웍스의 분기 호실적은 주력 제품인 의 수요가 급증하면서 가격이 큰 폭으로 뛰었기 때문으로 분석된다 신종 ,1
93,개장시황 코스피 옐런 발언 여파에도 장 초반 상승 반전,0, 삼성전자 는 전 거래일 대비 원 내린 만 원에 거래되고 있다 하이닉스 화학 네이버 등도 하락하고 있다 분기 역대 최고 실적을 발표한 카카오 는 소폭 상승하고 있다 ,1
94,롯데 대전점 러브 앤 땡스 페스타,1,지하 층에서는 현대카드와 함께 하는 리빙 가전 페스타가 열려 현대카드로 삼성전자 와 전자 제품 구매하면 구매금액대별 상당의 롯데상품권을 증정한다 만원 이상 구매하면 즉시 할인혜택을 ,1
95, 삼성전자 분기부터 반도체 큰 폭 실적 개선 기대 증권,0, 증권은 일 삼성전자 에 대해 년 분기부터 반도체 부문에서 큰 폭의 실적 개선이 기대된다고 판단했다 김동원 증권 연구원은 삼성전자 반도체 부문은 분기부터 원가구조 개선과 평택 공장 가동에 ,1
96,권영찬 교수 실패는 성공의 바로 전 단계 도전을 즐겨라 영업사원 대상 온 ,0,한편 행복재테크 스타강사로 활동하고 있는 백광 권영찬 교수는 삼성전자 년 전임강사로 활동하였으며 교보생명 신세계그룹 전자 현대자동차 화학 메트라이프 등 다양한 대기업에서 강연을 진행하며 인문학 ,1
97,코지마 플래그십 안마의자 레전드 시그니처 출시,1,레전드 시그니처는 기본으로 제공되는 인치 삼성전자 갤럭시 태블릿으로 안마의자 제어를 비롯해 마사지를 받으면서 애플리케이션과 모바일 콘텐츠도 동시에 즐길 수 있다 하단 마사지부와 다리부에 끼임 사고를 ,1
98, 삼성 베트남정부에 재생에너지 직거래 요청,0,현재 삼성전자 는 석탄 의존도를 낮추라는 압력에 직면해 있어 생산업체와의 직거래를 통해 재생 에너지를 구매할 수 있도록 지원을 바라고 있다 일현지시간 베트남 현지매체 익스프레스 등은 니케이 아시아를 ,1
99, 전자 랜드 가정의 달 할인도 받고 경품도 받고,0,우리집 행운 찾기에 참여한 사람 중 추첨을 통해 전자 의류관리기 다이슨 청소기 삼성전자 큐브 냉장고 등을 증정한다 또 이 행사를 사회관계망서비스 에 공유해도 선물을 받을 수 있다 홈페이지에서 ,1
100, 리테일 불거진 비율 시비 이재용 홍원식 스타일 기로,0,우선 삼성 바이오로직스 문제로 기나긴 검찰 수사와 기소 이후 상황에 시달리는 이재용 삼성전자 부회장의 상황을 떠올려 볼 수 있다 그는 삼성 물산과 제일모직 합병을 경영권 강화 차원에서 도모했다는 의심을 ,1
101,인피닉 억원 규모 투자유치 성공,0,인피닉은 년 설립된 자율주행분야 인공지능 데이터 전문기업이다 현대자동차 현대모비스 퀄컴 삼성전자 전자 등을 주요 고객사로 확보하여 데이터 및 플랫폼 서비스를 제공 중이다 ,1
102,인텔 에 역전 허용한 삼성전자 분기 반등할까,0,올해 분기 삼성전자 의 반도체 실적이 외형과 수익면에서 모두 글로벌 경쟁사들에 뒤처진 것으로 나타났다 램 가격 강세에 힘입어 올해 분기에는 실적 개선을 노리고 있지만 글로벌 반도체 기업들의 패권 ,1
103,홍콩 최고 부자가 바뀌었다,1,그는 삼성전자 와 애플에 배터리를 납품하다가 년 전기차에 들어가는 배터리를 만드는 을 창업했다 그는 회사 지분 를 보유하고 있다 의 주요 고객으로 테슬라 니오가 있다 평가기관 피치에 ,1
104,자율주행 데이터 기업 인피닉 억원 규모 투자유치 성공,0,현대자동차 현대모비스 퀄컴 삼성전자 전자 등을 주요 고객사로 확보하여 데이터 및 플랫폼 서비스를 제공 중이다 자율주행 인베스트먼트 한국투자증권 스틱벤처스 인피닉 김경아 기자 ,1
105,자율주행 데이터 인피닉 억원 규모 투자유치,0,인피닉은 년 설립된 자율주행분야 데이터 전문기업이다 현대자동차 현대모비스 퀄컴 삼성전자 전자 등을 주요 고객사로 확보하여 데이터 및 플랫폼 서비스를 제공 중이다 ,1
106,코지마 차세대 플래그십 안마의자 레전드 시그니처 출시,1,레전드 시그니처는 기본으로 제공되는 인치 삼성전자 갤럭시 태블릿으로 안마의자 제어뿐 아니라 마사지를 받으면서 각종 어플리케이션과 모바일 콘텐츠도 동시에 즐길 수 있다 또 하단 마사지부와 다리부에 끼임 ,1
107, 삼성전자 분기 영업익 조 전망 원가구조 개선 등 영향 ,0, 삼성전자 의 분기 영업이익이 조원을 돌파할 것이란 전망이 나왔다 원가구조 개선과 평택 공장 가동 등이 실적 개선을 이끌 것이란 분석이다 일 증권 보고서에 따르면 삼성전자 의 올해 분기 영업이익은 ,1
108,경북창조경제센터 참여기업모집,1,선발기업 중 우수기업은 펀드 운용사의 검토를 통해 창업기업 전용 펀드인 경상북도와 삼성전자 가 조성항 창업벤처펀드를 억원까지 투자 연계한다 는 창업기업에게 개월 액셀러레이팅 ,1
109,코스피 장 초반 약세 선 출발,0,시가총액 상위 종목 중 화학 삼성 바이오로직스 포스코 등은 오르고 있으며 삼성전자 하이닉스 등은 내리고 있다 ,1
110, 데이터 기업 인피닉 억원 규모 투자유치 자율 주행 데이터 분야 기 ,0,인피닉은 년 설립된 자율주행분야 인공지능 데이터 전문기업이다 현대자동차 현대모비스 퀄컴 삼성전자 전자 등을 주요 고객사로 확보하여 데이터 및 플랫폼 서비스를 제공 중이다 ,1
111,코스피 하락 출발 후 반등 선 터치,0,대장주 삼성전자 와 하이닉스 가 사흘 만에 약세고 카카오 삼성 등도 하락하고 있다 화학 삼성 바이오로직스 등은 강세다 현재 코스피시장에서 상승 ,1
112,코지마 차세대 플래그십 안마의자 레전드 시그니처 선봬,1,기본으로 장착되는 인치 삼성전자 갤럭시 태블릿으로 안마의자 제어 뿐 아니라 각종 어플리케이션과 모바일 콘텐츠를 동시에 즐길 수 있다 이번 레전드 시그니처 제품은 직영점인 코지마 논현 갤러리와 공식 ,1
113,김병욱 가상자산 법제화 위해선 코인 백서 점검 필요 ,1,이어 최근에는 기관 투자가들도 거래를 하고 있고 싱가포르는 국가에서 암호화폐 관련 은행에 투자를 하겠다는 발표를 했다 며 우리나라에 있는 삼성전자 이상의 핸드폰에도 가상자산을 보관할 수 있는 지갑이 ,1
114,김의겸 정경심 교수 방배동 자택에 없었다는 점 알고도 검찰이 은폐해 ,0,이 법의 형평성과 관련된 또 공정성과 관련된 부분일 수도 있어서 좀 질문을 드리면 최근에 여당 내부에서도 의견이 나왔습니다만 이재용 삼성전자 부회장에 대한 사면 필요성 말씀 말이죠 이 부분 좀 어떻게 보세요 ,1
115,최강시사 김병욱 의원 가상자산 애매하고 위험하다는 이유로 멀리하면 악 ,0,이런 측면이랄지 우리나라에 있는 삼성전자 의 이상의 핸드폰에도 가상자산을 보관할 수 있는 지갑이 들어가 있어요 그런 식으로 많이 진화가 되고 있는데 아직도 우리나라 금융당국의 시각은 년 전과 별 다른 게 없지 ,1
116, 금리 인상 발언에 코스피 하락 출발 장초반 선 거래,0, 삼성전자 하이닉스 삼성전자 우 네이버 카카오 등이 약세다 화학 포스코 이노베이션 텔레콤 등은 강세다 현대모비스와 는 보합 중이다 ,1
117,마켓인스틱 한투 인피닉에 억원 규모 투자,0,인피닉은 년 설립된 자율주행분야 인공지능 데이터 전문기업이다 현대자동차 현대모비스 퀄컴 삼성전자 전자 등을 주요 고객사로 확보하여 데이터 및 플랫폼 서비스를 제공 중이다 이광수,1
118,특징주 텔레칩스 국내 첫 자동차용 개발에 강세,0,지난달부터 삼성전자 의 위탁생산 파운드리를 통해 시범 생산했다 는 브레이크변속기 등 주요 부품에 들어가는 것으로 현재 국내에서는 전체 물량 가운데 를 수입에 의존하는 반도체다 이와 관련해 ,1
119,서희건설 직산역 서희스타힐스 일 순위 청약 접수,0,차량 분 거리에 삼성 가 있으며 도보권에 있는 지하철 호선 직산역에서 삼성전자 평택캠퍼스가 위치한 서정리역까지 분대에 접근이 가능하다 도보권에 있는 삼은초를 비롯해 소망초 업성초 부성중 북일여고 ,1
120, 삼성 이재용 자본시장법 위반혐의로 차 공판,0,이재용 삼성전자 부회장이 자본시장법 위반 등의 혐의로 일 두 번째 공판에 나선다 피고인의 출석 의무가 있는 공판기일인 만큼 이 부회장은 이날 법원에 나올 예정이다 서울중앙지법 형사합의 부박정제 박사랑 ,1
121,연속 사용시간 최대 시간 초절전 노트북 만든 삼성 ,0, 삼성전자 갤럭시 북 프로와 갤럭시 북 프로 사진 삼성전자 또 픽셀 하나하나가 스스로 빛을 내는 는 픽셀을 끄는 방식으로 검은 색을 표현한다 이때는 일종의 암전 상태이기 때문에 소비전력이 현저하게 ,1
122, 삼성 중공업 감자증자 진행 자본잠식 해소 위한 선택 메리츠,0,김 연구원은 유상증자에 대주주인 삼성전자 와 삼성 생명 도 참여할 가능성을 높게 봤다 그는 년 분기 이후의 대량 수주는 운 전자 본 부담으로 이어져 유상증자는 불가피한 선택이라면서 추가 ,1
123,인도 사업서 화웨이 결국 배제,0,사업은 삼성전자 에릭슨 노키아 등 기업과 허용된다고 했다 그러나 성명에 중국 화웨이와 에 대한 언급은 없었다 현재 인도 정부는 자국 이동통신사에 대해 상당한 양의 장비를 공급하고 있는 중국 기업에 대한 ,1
124,오늘 기업 오늘 사람 텔레콤 쿠팡,1,인텔에 이어 도 미국 내 투자를 늘려가는 상황 속에서 삼성전자 의 부담이 커지는 상황입니다 곳에서 곳으로 늘리기로 했죠 아무래도 바이든 대통령의 압박이 컸죠 바이든 압박 먹혔나고민 깊은 ,1
125,덕암 칼럼 이명박 정권 개각 주년 권불십년의 현주소,0,먼저 박재완 전 장관 년 월 부터 현재까지 한반도선진화재단 이사장과 년 삼성전자 사외이사 년 롯데쇼핑 사외이사 년 월 삼성전자 이사회 의장을 역임하고 있다고 백과사전에 수록되어 있다 다음 ,1
126,세미콜론 뜨거운 논란 이재용 사면 그리고 명예뿐인 국세 조원의 탑,0,청원인들은 세계적인 기업인 삼성전자 가 해외로 본사를 이전하지 않고 우리나라에서 우리의 기업으로 남아있다는 것에 자부심을 느끼고 있으며 그동안 삼성전자 가 정부에 낸 거액의 세금 그리고 국가 경제 발전에 ,1
127,전 세계 기업들이 주목하는 경영은,1,대표적인 기업으로는 그룹과 삼성전자 등이 경영의 모범 사례로 꼽히고 있다 환경과 사회 그리고 지배구조 이른바 의 중요성은 국내 기업에도 고스란히 녹아내리고 있다 대응은 이제 국내외 구분 없이 ,1
128,뉴스체크문화 대구미술관 이건희 기증 작품 공개,0,대구미술관 이건희 기증 작품 공개 고 이건희 삼성전자 회장의 소장 미술품 여 점을 기증받은 대구미술관이 온라인상에서 공개를 했습니다 한국 근현대미술 대표 작가들의 작품입니다 올 하반기에는 상설전시실에서 ,1
129,테팔 초고속 블렌더 인피니믹스 플러스 사은품 증정이벤트,0,여기에 포토상품평 베스트 리뷰자에게는 만원 상당의 실리트 실라간 양수냄비 종 세트 삼성전자 미니 냉장고 비스포크 큐브 압력솥 이솝 핸드케어 세트 등 푸짐한 경품을 사은품으로 제공할 예정이다 ,1
130,카카오톡 오류 반복되는 먹통사태에 이용자 불편 호소,0,앞서 카카오톡 먹통 사태는 두 달 전인 지난 월 일 오전 삼성전자 갤럭시 스마트폰을 비롯한 안드로이드 스마트폰 일부 사용자들에게서도 발생해 불편함을 불러왔다 당시 서비스 장애는 카카오 측의 문제는 ,1
131,클라썸 라이브 강의 출시출석 확인 채팅 저장 등 교육 맞춤 기능,0, 년 월 현재 삼성전자 시세이도 월드비전 인천광역시교육청 현대자동차 그룹 동아일보 웅진 등 세계 개국 약 여 개의 각종 학교 기업 그리고 단체에서 클라썸을 활용 중이다 클라썸은 년 ,1
132, 여수에 백화점 있냐 굴욕 현실로 롯데몰 여수점 오픈,1, 층에는 삼성전자 를 비롯 다양한 주방가구 제품들이 들어섰다 한샘리하우스를 비롯 씰리침대 알레르망 홈스위트홈 등이 들어서 백화점 느낌을 살렸다 매장 바닥부터 천장까지 원형의 기둥을 화려하게 장식한 ,1
133,서희건설 직산역 서희스타힐스 일 순위 청약 접수,0,차량으로 삼성 삼성전자 평택캠퍼스 접근이 용이하다 삼은초를 비롯해 소망초 업성초 부성중 북일여고 업성고 천안상고 등이 인근에 위치한다 주변으로 공주대 단국대 호서대 한국기술교육대 등도 ,1
134,뉴스브리핑 월 일 접종예약 독려백화점 코로나 비상,0, 접종 독려하는 정부 세 사전예약 시작 개시 앞둔 스타링크 선주문 만건 돌파 정용진 부회장의 독특한 홍보 제이릴라에 막말 퍼붓기 폰 특허 사들인 글로벌 특허괴물 삼성전자 에 특허침해 ,1
135,배민 김봉진 의장 저소득층 학생 만명에 노트북 지원,0,물품 조달에 도움을 준 삼성전자 와 전자 에도 감사한 마음을 전했다 김 의장은 와 램 수급에 전세계적으로 어려움이 많다고 하는데 이번 기부를 위해 우선적으로 많은 도움을 주신데 대해 감사드린다 고 했다 ,1
136,직수형 반전 꾀한다코웨이 아이콘 정수기 다변화,1,앞서 삼성전자 는 지난 월 내놓은 전략 스마트폰 갤럭시 대표 색상인 팬텀 바이올렛은 전체 개 컬러 중 가장 많이 팔린 모델로 기록됐다 코웨이 관계자는 이를 두고 최근 집 안에 맞는 색상을 갖춘 인테리어 ,1
137,포브스가 한국을 세계 경제의 풍향계로 지목한 이유는,0,가장 중요한 재벌 기업인 삼성전자 의 실적을 보면 한국 경제가 코로나 의 터널에서 벗어나는 상황은 잠깐의 일탈 이 아니라는 것이다 삼성전자 의 분기 순수익은 거대 정보기술 기업들의 수요 증가에 ,1
138, 일 템 삼성 갤럭시버즈 그린컬러 나오나,0, 삼성전자 의 무선이어폰 신제품인 갤럭시버드 가 최소 가지 색상 옵션으로 출시될 것이란 전망이 나왔다 미국 온라인매체 샘모바일에 따르면 오는 월 무선이어폰 갤럭시버즈의 후속작인 갤럭시버즈 가 출시될 ,1
139, 삼성전자 인텔 에 영업이익 역전 허용 분기 반전 기대,1, 삼성전자 의 올해 분기 반도체 실적이 외형과 수익면에서 모두 경쟁사인 인텔과 에 뒤진 것으로 나타났다 삼성전자 는 분기 반도체 부문에서 매출 조원 영업이익 조 천 억원을 기록했다고 일 밝혔다 작년 ,1
140,금융에서 유통의료까지 내 정보 한눈에막 열리는 마이데이터 시대,0,김 상무는 통계학 박사 출신으로 삼성전자 텔레콤 등에서 데이터 분석 업무를 해온 빅데이터 전문가다 소비자와 공급자들에게는 어떤 부분이 바뀌나 금융 소비자는 신용 관련 정보를 통합적으로 관리해 좀더 ,1
141,먹구름 드리운 산업계 수치는 호황인데 비상경영 못 접는 기업들,0,실제 올해 분기 실적 발표에서 삼성전자 와 현대자동차 등 국내 산업을 이끌어 가고 있는 주요 기업들이 줄줄이 어닝서프라이즈깜짝실적를 기록하며 기분 좋은 한해를 시작했다 이 덕분에 올해 분기 수출액은 ,1
142, 삼성전자 사회경제환경적 가치 조원 창출협력사 사회적 책임 평가도,1,지속 가능 경영 보고서 읽기 삼성전자 지속 가능 경영은 경제적 성장 사회의 안정과 통합 환경의 보전이 균형을 이루는 지속 가능 발전에 기반을 둔 경영을 의미한다 기업이 단기적 재무적 성과만을 추구하지 ,1
143, 삼성 반도체 메모리 업고 분기 다시 인텔 넘는다 ,1, 삼성전자 가 올해 분기 글로벌 반도체 시장에서 인텔을 제치고 위 자리를 탈환할 것이라는 분석이 나왔다 일 업계에 따르면 반도체 전문 시장조사업체 인사이츠는 최근 발표한 보고서에서 삼성전자 가 올 분기 ,1
144, 방탄소년단 지민 기념 메시지 사랑듬 ,1,지난 월 일 삼성전자 는 공식 유튜브와 트위터 틱톡 인스타그램 등의 소셜미디어 플랫폼을 통해 방탄소년단의 어머니의 날 기념 챌린지 영상을 공개했다 영상에서 지민은 검은색 슬랙스 화이트 ,1
145,인터뷰 정세균 잇딴 사면론에 국민이 오케이해야 가능할 것 ,0,대권 도전을 선언한 정세균 전 국무총리가 박근혜이명박 전 대통령과 이재용 삼성전자 부회장의 사면과 관련해 국민은 두 사안을구분하는 듯하다고 말했다 다만 사면 여부는 대통령의 권한인 만큼 우리끼리 따로 ,1
146,칼럼 반도체 제국을 꿈꿔라,0,조 바이든 미국 대통령은 월 반도체 공급망 재검토 행정명령 서명에 이어 월 일에는 백악관화상회의에서 삼성전자 를 비롯한 전 세계 기업들을 초청했다 바이든 대통령은 이 자리에서 반도체 웨이퍼를 들어올리며 ,1
147,메트로신문 월 일자 한줄뉴스,0,경제종교계뿐 아니라 정치권까지 제기된 이재용 삼성전자 부회장 사면론에 문재인 대통령이 침묵을 이어가고 있다 국정농단 사건 연루로 이 부회장이 실형을 선고받고 복역 중인 만큼 자칫 이명박박근혜 전 ,1
148, 삼성 사업부 한지붕에도 호불호 갈려,0, 삼성전자 라는 한지붕 아래 유기발광다이오드 디스플레이에 대해 다른 목소리를 내는 두 사업부가 있다 모바일 부문 무선사업부와 소비자가전 부문 영상디스플레이 사업부의 상황을 빗댄 ,1
149,인텔 에 역전 허용한 삼성전자 분기 반등할까,0, 삼성 반도체 분기 영업이익 의 절반인텔보다도 낮아 분기 반전 기대전문가 파운드리 등 비메모리 경쟁력 키워야 올해 분기 삼성전자 의 반도체 실적이 외형과 수익면에서 모두 글로벌 경쟁사들에 뒤처진 ,1
150, 삼성전자 반도체 특허도 초격차압도적 세계 위,1, 삼성전자 가 현재 세계에서 반도체 특허를 가장 많이 보유하고 있는 기업으로 조사됐다 파운드리위탁생산 시장에서 경쟁 관계에 있는 대만의 보다 무려 배 이상 많은 규모에다가 질적 ,1
151,비과세 어린이 펀드부모님 건강보험 어때요,1, 년 설정된 이 펀드는 미성년자만 가입할 수 있는 어린이 전용 상품으로 삼성전자 하이닉스 와이지엔터테인먼트 화학 등 우량주를 담고 있다 최근 년 수익률 가 나온 아문디 아이사랑펀드도 ,1
152, 삼성 라이벌 대만 애리조나에 반도체 공장 개 짓는다,0,바이든 대통령도 지난달 일 백악관에서 미국 내 반도체 공급망 강화 회의를 화상으로 열고 삼성전자 인텔 등 반도체 회사와 자동차테크 기업 경영진을 불러모아 미국 내 반도체 생산 라인을 늘리라고 ,1
153,가전으로 보복소비했다매출 최대 급증 대 이모정체,0, 삼성전자 도 생활가전이 있는 소비자가전 부문이 사상 최초로 분기 영업이익 조원을 돌파했다 집에 오래 있지만 집안일은 하기 싫어 업계에선 코로나 로 집 안에 머무는 시간이 늘면서 가전 수요가 폭발한 ,1
154,이통사 가입자 증가로 실적 개선되지만 웃지 못하는 이유,1,올해 야심작으로 출시된 삼성전자 갤럭시 과 애플 아이폰 등을 포함한 세대 이동통신 스마트폰의 흥행 덕분이다 하지만 마냥 들뜬 분위기는 아니다 년을 넘긴 가 여전히 품질 논란에 휩싸인 데다 ,1
155, 반도체 대란에 대만 기업 압박 삼성전자 투자 결정도 임박,0,반도체 수급난을 겪고 있는 미국이 대만 반도체 기업에 대한 압박을 높이는 가운데 삼성전자 등 국내 기업들의 투자 확대 결정도 임박했다는 관측이 나오고 있다 블룸버그와 등에 따르면 일이하 현지시간 ,1
156, 결국 화웨이 배제 쏠리드 에이스테크 케이엠더블유에프알텍 수혜 ,0,사업은 삼성전자 에릭슨 노키아 등 기업과 허용된다고 했다 그러나 성명에 중국 화웨이와 에 대한 언급은 없었다 현재 인도 정부는 자국 이동통신사에 대해 상당한 양의 장비를 공급하고 있는 중국 기업에 대한 ,1
157,로댕 칼레의 시민은 어디로남은 이건희컬렉션 공개여부 촉각,0,두 점 모두 이건희 삼성전자 회장이 공들여 수집했다고 알려졌던 작품이다 년 당시 억원을 들였다고 회자됐다 물론 현재의 가치는 얼마를 상상하든 그 이상이다 오귀스트 로댕의 조각상 칼레의 ,1
158,사설 더 우물쭈물하다간 년 전 망한 일본 반도체 꼴 난다,0,미국 바이든 대통령이 지난달 미국 인텔 대만 한국 삼성전자 등 글로벌 반도체 기업 곳을 초대해 우리 경쟁력은 당신들이 어디에 투자하느냐에 달려 있다고 압박한 이후 동맹국 정부와 기업의 발걸음이 ,1
159,명품 말고 더덕 사러 오픈 런 농부들 도심 장터 뜨겁다,1,예산서 태어나 동네 오빠 동생으로 알고 지내긴 했지만 자라면서 헤어져 어느덧 수일씨는 삼성전자 개발자로 예슬씨는 승무원으로 각자의 길을 걸었다 남들은 최고의 직장이라며 부러워했지만 숨 가쁜 일상에 ,1
160,복싱농구 나는 집에서 다 한다,0, 삼성전자 헬스앱은 실시간으로 자신의 걸음 수와 이동 거리를 지인과 공유해 경쟁하듯 운동을 즐길 수 있다 미국 펠로톤의 스마트 실내 자전거는 기기 앞에 달린 화면을 통해 강사 강의를 들으면서 운동하거나 다른 ,1
161,대구미술관 이건희 회장 기증 작품 공개,0,대구미술관이 고 이건희 삼성전자 회장 의 유족으로부터 기증받은 지역 근대 화가들의 수작 점을 최근 홈페이지와 유튜브를 통해 사전 공개했다 대구미술관은 지난달 수집심의위원회 회의를 거쳐 이 회장 ,1
162, 년 수익률 용돈 대신 어린이펀드 주세요,0,펀드는 삼성전자 하이닉스 빅히트 와이지엔터테인먼트 등 대형주를 중심으로 국내주식을 담고 있다 이어 자산운용의 사과나무펀드 자산운용의 어린이인덱스펀드 우리자산운용의 ,1
163, 영상 이재용 부회장 사면 건의한 평택시발전협의회 정부 통큰 결단 필요 ,1,김경훈김정순 기자 국가경제와 코로나 극복을 위해 이재용 삼성전자 부회장의 사면을 적극 건의한다고 목소리가 높아지고 있습니다 실제로 평택시발전협의회는 지난 일 이재용 부회장의 사면건의를 촉구하는 ,1
164,외국인 삼성전자 개월 연속 팔자이유는,0,지난해 월 이후 순매도 종목 상위권 기록 문지훈 기자 외국인이 지난달 유가증권시장에서 순매수세로 돌아선 가운데 삼성전자 에 대해서는 팔자 기조를 유지하고 있어 배경에 관심이 쏠리고 있다 ,1
165, 수입 차량용 반도체 국내 첫 개발출시,0, 나노미터 억분의 공정으로 설계개발했고 삼성전자 의 위탁생산 시설파운드리을 통해 지난달부터 시범 생산했다 브레이크변속기 등 주요 부품에 들어가는 는 사람의 생명과도 직결되기 때문에 높은 ,1
166,올댓폰 갤럭시 할인갤럭시 아이폰 재고정리 실시,0, 삼성전자 는 지난해 분기 애플 최초의 스마트폰 아이폰 시리즈의 높은 인기 영향으로 스마트폰 시장 점유율이 아래로 떨어지면서 글로벌 스마트폰 시장에서 위 자리를 애플에게 빼앗겼다 삼성전자 는 ,1
167,국대폰 갤럭시노트 플러스 가격 추가 인하 갤럭시 특가 판매,0,사진제공국대폰 삼성전자 가 올해 보급형 버전 접는 폴더블 스마트폰을 출시하지 않을 것이라는 보도와 함께 정보기술 전문매체 샘모바일폰아레나 등은 삼성전자 가 올해 보급형 폴더블폰을 추가하지 ,1
168,갤럭시 공시지원금 상향 국대폰 아이폰 노트 플러스 특가 판매,1, 삼성전자 의 갤럭시 팬에디션 이 하반기 출격을 앞두고 지난해 출시된 갤럭시 의 공시지원금을 만 원까지 상향하면서 하반기 신형 갤럭시 노트의 공백을 대체할 전략 스마트폰으로 갤럭시 가 ,1
169,아이폰 퍼플 색상 출시후 아이폰 미니 가격인하 실시,0,업계에서는 애플이 아이폰 시리즈의 퍼플 색상을 출시한 것에 대해 경쟁사인 삼성전자 의 갤럭시 시리즈 팬텀 바이올렛 색상을 의식한 것이라는 평가 또한 제기되고 있다 아이폰 시리즈의 퍼플 색상과 ,1
170,좌표동맹 갤럭시 아이폰 싸게사는법 핸드폰성지 시세표 공유,0,현재 삼성전자 가 사실상 독주하고 있으나 소비자들에게 깊숙이 침투하지 못하고 있는 폴더블폰 시장이 애플의 참전으로 대중화 급물살을 탈 수 있을지 주목된다 일 미국 등 복수의 외신에 따르면 궈밍치 ,1
171, 월 일 모닝뉴스 헤드라인,0,청와대가 김부겸 국무총리 후보자 등 여권을 중심으로 다시 제기되고 있는 이재용 삼성전자 부회장 특별사면과 관련해 기존 입장과 같다 며 말을 아꼈다 이재명 경기지사는 대학 안 가는 청년에게 세계여행비 ,1
172,인도 결국 외면했다 사업서 화웨이 배제,0,나아가 해당 사업은 삼성전자 에릭슨 노키아 등 기업과 허용된다는게 인도 통신부의 전언이다 해당 성명에는 중국 화웨이와 에 대한 언급은 없었다 현재 인도 정부는 자국 이동통신사에 대해 상당한 양의 장비를 ,1
173,인도 사업서 화웨이 결국 배제,0,사업은 삼성전자 에릭슨 노키아 등 기업과 허용된다고 했다 그러나 성명에 중국 화웨이와 에 대한 언급은 없었다 현재 인도 정부는 자국 이동통신사에 대해 상당한 양의 장비를 공급하고 있는 중국 기업에 대한 ,1
174,세계타워 반도체 전쟁과 이재용 사면론,1,대만에는 라는 세계 최대 파운드리반도체위탁생산기업가 있고 한국은 삼성전자 와 하이닉스 등이 메모리 반도체를 주력으로 일부 시스템 반도체를 양산한다 지금 삼성 은 년까지 시스템 반도체 분야 ,1
175,도지코인 폭등코스피 오면 위 시총 거품 논란 가열,0,우리 코스피 시장 기준으로 보면 삼성전자 바로 다음 위 수준까지 불어났습니다 이태형 기자가 보도합니다 리포트 시가총액 조원 가상화폐 종목 중 하나인 도지코인이 오늘 오후 한때 달성한 시가총액입니다 ,1
176,이건희 미술관 지자체 유치 경쟁 치열,0, 삼성전자 창업주 이병철 회장의 생가가 있는 경남 의령도 유치경쟁에 뛰어 들었습니다 삼성 과 뿌리 깊은 인연이 있는 의령에 이건희 미술관을 유치한다면 그 의미가 더욱 깊을 것이라며 기대감을 밝혔습니다 이 ,1
177,이건희 미술관 지자체 유치 경쟁 치열,0, 삼성전자 창업주 이병철 회장의 생가가 있는 경남 의령도 유치경쟁에 뛰어 들었습니다 삼성 과 뿌리 깊은 인연이 있는 의령에 이건희 미술관을 유치한다면 그 의미가 더욱 깊을 것이라며 기대감을 밝혔습니다 이 ,1
178,목돈 마련에 경제교육까지 어린이 펀드에 쏠리는 눈,1,펀드는 삼성전자 하이닉스 빅히트 와이지엔터테인먼트 등 대형주를 중심으로 국내주식을 담고 있다 이어 자산운용의 사과나무펀드 자산운용의 어린이인덱스펀드 우리자산운용의 ,1
179, 만 원 원 삼성 최저가폰 원 으로,0,갤럭시 는 삼성전자 중저가 라인업인 갤럭시 시리즈 중 가장 저가의 롱텀에볼루션 스마트폰이다 인치 대화면 인피니티 디스플레이와 대용량 배터리를 탑재했다 보급형 제품인데도 ,1
180,돌아온 이낙연 첫 일성 청년 고용 확대,0,이재용 삼성전자 부회장 사면론과 관련한 기자들의 질문에 대해서는 대통령 고유 권한이라 말씀을 자제하겠다고 답변했다 당내 일각에서 나오는 대선 경선 연기 주장에 대해서는 원칙은 존중돼야 한다고 선을 ,1
181,경북창조경제혁신센터 기 모집,0,또한 삼성전자 와 연계해 판로개척과 멘토링 프로그램을 지원하며 경북센터 외부전문가 멘토링 지원을 통해 기술 사업화 유통판로 등 애로사항 해결을 지원한다 신청대상은 창업 년 이내 ,1
182,글로리메이커아카데미 메이커스페이스 평가 등급,1,등 삼성전자 의 투자까지 이끌어내며 명실상부한 대표 메이커스페이스로 성장하고 있다 특히 이번 평가 대상이 된 지난해 사업에는 비대면 교육 프로그램 메이커 동아리 운영 비대면 콘텐츠 제작 역량 강화 등 메이커 ,1
183,이낙연 대권 공개행보 재개,0,못하는 현실을 백신주권이 또 하나의 안보가 됐다는 사실을 이번에 우리는 아프게 깨달았다 고 역설했다 최근 정치권 일부에서 제기되는 이재용 삼성전자 부회장 사면론과 관련해서는 대통령 고유 권한 이라고 말을 아꼈다 ,1
184, 삼성전자 미성년 주주 급증 년간 천명 만명,0,국민주 삼성전자 주식을 보유한 대 미만 미성년 주주 수가 최근 년간 배 가까이 증가했다 일 한국예탁결제원 증권정보포털 세이브로에 따르면 지난해 말 기준 삼성전자 의 대 미만 주주는 ,1
185, 주식투자 길잡이 되는 회계 제대로 알리고 싶었어요 이사람,0,국내 최고의 회계법인인 삼일회계법인에서 삼성전자 를 감사했고 인수합병 사업타당성 분석 가치평가밸류에이션 등의 업무를 담당하며 년간 일류 회계사로 명성을 쌓았다 틈틈이 회계강의를 해온 구 회계사는 ,1
186,사설 여권 내 이재용 첫 공개 사면 요구한 이원욱,0,이원욱 더불어민주당 의원이 지금의 위기인 우리 반도체의 수급 상황에 미국에 대한 투자 등을 봤을 때 이재용 삼성전자 부회장 사면 필요성이 조금 있는 정도가 아니고 아주 강력히 존재한다고 주장했다 종교계를 비롯한 ,1
187,통신업계 대어 줄줄이 내놓는다,0,국내 대그룹 자사주 소각 사례 중 발행주식 총수 대비 물량으로는 최대이며 금액으로는 삼성전자 자사주 소각에 이어 두번째로 크다 스튜디오 지니 출범신금융 영토확장 박차 는 디지털금융 미디어 ,1
188,이낙연 군 제대 후 인센티브 제안부터 백신 중요성 강조,0,이어 미국 영국 독일에 이은 백신 제약 강으로 도약해야 한다 며 반도체의 삼성전자 와 하이닉스 자동차의 현대 전기차 배터리의 화학 같은 글로벌 국내 기업을 백신 분야로 육성해야 하고 그러기 위해 이번 또는 ,1
189,갤럭시 가격인하 프로모션 노트 및 노트 가격 할인 진행,0,이에 따라 삼성전자 는 올해 또한 갤럭시 시리즈의 보급형 스마트폰인 갤럭시 를 출시할 것으로 예상되며 아울러 하반기 갤럭시노트 시리즈의 신제품을 출시하지 않고 갤럭시 와 폴더블 스마트폰 ,1
190,의령군 이건희 미술관 유치 적극 나섰다,0,의령군 정곡면 호암 이병철 회장 생가 이건희 삼성전자 회장의 유족이 기증한 문화재와 미술품 만 여 점이 국민에게 공개되는 가운데 의령군이 기증의 의미를 잘 살려 많은 국민들이 좋은 작품을 감상할 수 있는 ,1
191, 폰 특허 사들인 특허괴물 삼성 에 특허침해 소송,0, 전자 의 스마트폰 사업부문 정리 선언과 함께 관련 특허를 사들였던 특허괴물이 최근 삼성전자 를 상대로 특허침해 소송을 제기했다 삼성전자 가 해당 특허를 스마트폰에 무단 사용했다는 주장이다 일 ,1
192,데일리픽 장난삼아 만든 도지코인의 장난 아닌 상승세 ,0,현재 폴더블 스마트폰은 삼성전자 가 갤럭시 폴드와 갤럭시 플립 시리즈가 시장을 선도하고 있다 뒤이어 화웨이 샤오미가 각각 폴더블 스마트폰을 선보이고 있다 미국도 디지털 달러 시범 사업 나선다 ,1
193,세탁통은 깨끗한 속살 드러내고 에어컨은 수리와 케어 동시에 뚝딱,0,고장을 잡아낸 김영환 삼성전자 서비스 케어마스터가 바로 부품 교체에 들어갔다 원래 강남지역 최고의 기사였던 그가 몇분 뚝딱뚝딱하더니 금세 수리가 된다 수리와 케어가 원스톱으로 해결되는 본사 엔지니어의 ,1
194,원희룡 제주지사 일자리부동산교육 혁명수준 뜯어고칠 것욕먹을 각오 ,0,이재용 삼성전자 부회장의 사면론도 같은 맥락으로 접근했다 원 지사는 법 앞에 만인이 평등하다는 원칙은 지켜져야 한다면서도 전쟁이 터지면 어떤 국민이든 전쟁터에 나가야 한다 이 부회장이라고 예외일 수 ,1
195, 유니콘 잡으려면 국회 낮잠 차등의결권 도입상장요건 완화 서둘러야,0,국내 증시에 상장된 기업 중 시가총액 조 원이 넘는 기업이 삼성전자 와 하이닉스에 불과하다는 점을 비교하면 성장성을 감안하더라도 얼마나 높은 평가를 받은 것인지 짐작이 가능하다 유니콘 기업이 과거 전통적인 ,1
196,전문가 잡던 스마트 개미 어디로수익률 반토막났다,1, 일 한국거래소에 따르면 올초 이후 월 말까지 개인이 많이 산 주식은 삼성전자 삼성전자 우 현대모비스 하이닉스 기아 현대차 전자 삼성 바이오팜 네이버 등이었다 대부분 시가총액 상위 종목이다 ,1
197,이낙연 미국영국독일 이은 백신 강 도약 다짐백신개발위원회 운영하자 ,0,그러면서 반도체의 삼성전자 와 하이닉스 자동차의 현대 전기차 배터리의 화학 같은 글로벌 국내기업을 백신에서도 육성하자 며 그러기 위해 이번에 또는 다음 정부에서 대통령 직속 백신개발위원회를 운영하길 ,1
198,바이오는 휘청했지만공매도 이겨낼 실적주는,1, 일 금융투자협회에 따르면 최근 일주일 월 일 월 일 동안 코스피에서 대차거래빌린 주식 수 기준가 가장 많이 이뤄진 종목 위는 삼성전자 디스플레이 삼성 중공업 한화생명 메리츠증권 ,1
199, 삼성전자 주가 마침내 꿈틀 애널리스트 분기 반도체가 실적 이끌 것,1,뷰어스 이승아 기자 지난 월 만원을 돌파한 이후 만원대에 갇혀있던 국내 코스피 시총 위의 삼성전자 주가가 마침내 상승 기대감을 높였다 전문가들은 삼성전자 의 반도체 부문을 낙관적으로 평가하며 평균 ,1
200,목청 키우는 비주류 민주 송영길 효과,0,국회 과학기술정보방송통신위원장인 이원욱 의원은 지난 일 한 라디오 인터뷰에서 이재용 삼성전자 부회장의 특별사면과 관련 지금 반도체의 수급 상황 등을 봤을 때 사면 필요성이 조금 있는 정도가 아니고 아주 ,1
201,이낙연 백신안보 아프게 깨달았다 ,1,이어 어제 발간기념식에서 저는 대한민국을 미국 영국 독일에 이은 백신제약 강으로 도약시키겠다고 다짐했다 며 반도체의 삼성전자 와 하이닉스 자동차의 현대 전기차 배터리의 화학 같은 글로벌 국내기업을 ,1
202, 올여름 역대급 긴 무더위 온다 창문형 에어컨 홈쇼핑 스타로,0, 삼성전자 도 지난달 말 창문형 에어컨인 윈도우핏을 내놨다 지난해 처음으로 창문형 에어컨을 선보인 신일 전자 캐리어 귀뚜라미 한일전기도 년형 신제품을 곧 내놓을 예정이다 경쟁자가 대거 늘어나면서 올해 ,1
203,반도체 확보전 나선 대만 향해 반도체 미국에 먼저 내놔라 ,1,특히 지난달 일 백악관에서 삼성전자 를 비롯해 와 자동차 등 개 글로벌 기업을 소집해 직접 반도체 화상회의를 주재하고 공격적인 반도체 투자 의지를 드러내 눈길을 끌었다 러만도 상무장관은 현재 미국의 ,1
204,제이릴라와 용진이형은 밀당 중싫다면서 케이크 게시,1,이들은 나이키 포르쉐 코카콜라 삼성전자 갤럭시 등과 협업하는가 하면 아이유이지은씨나 힙합 뮤지션 나플라 루피 레디 아이돌 이달의소녀 크래비티 등 세대에서 높은 인기를 구가하는 셀러브리티와도 ,1
205,이낙연 백신 주권 또 하나의 안보백신개발위 운영해야,0,그는 발간 기념식에서 저는 대한민국을 미국 영국 독일에 이은 백신 제약 강으로 도약시키겠다고 다짐했다며 반도체의 삼성전자 와 하이닉스 자동차의 현대 전기차 배터리의 화학 같은 글로벌 국내 기업을 ,1
206,미국 대만에 압박 최첨단 반도체 미국 내 생산 돼야,1,바이든 대통령은 반도체 문제를 국가 안보 차원으로 인식하고 지난달 일 백악관에서 삼성전자 를 비롯해 와 자동차 등 개 글로벌 기업을 소집해 직접 반도체 화상회의를 주재했다 상무부는 다음 주에도 ,1
207,한달 만에 돌아온 기관 삼성전자 만 전자 갈까,0,국민 대장주 삼성전자 주식에 대해 기관이 거래일 만에 순매수세를 보였다 삼성전자 는 지난 월 만원을 돌파한 이후 최근까지 횡보세를 보이다 이날 근 한 달 만에 대 상승률을 기록했다 이 가운데 미국발 ,1
208,일산가구단지 루헨퍼니처 패브릭소파 및 포세린식탁 월 할인 이벤트 실시,0,루헨퍼니처는 삼성전자 제휴기념 삼성전자 판매으로 루헨퍼니처에서 구매 후 삼성 디지털프라자에서 제품 구매 시 추가 사은행사까지도 같이 진행 중이다 자세한 정보와 기타 문의 사항은 루헨퍼니처 일산파주점 공식 ,1
209, 삼성 가전 동맹 삼성전자 서 매직 렌탈 예고,0,이에 따라 삼성전자 에서도 매직을 통한 렌탈서비스가 가능해질 전망이다 또 매직에서는 냉장고 등 대형 가전을 구매할 수 있게 된다 매직은 최근 삼성전자 와 강동구 길동에 위치한 매직 브랜드 체험공간 ,1
210,단독 원희룡 투기 이재명은 대체 뭘 하고 있었나 ,0,이재용 삼성전자 부회장의 사면론도 같은 맥락으로 접근했다 원 지사는 법 앞에 만인이 평등해야 한다는 원칙은 지켜져야 한다면서도 전쟁이 터지면 어떤 국민이든 전쟁터에 나가야 한다 이재용이라고 예외가 ,1
211, 폰 접자마자 특허괴물 삼성 을 노렸다,0,특허전문기업이 삼성전자 를 상대로 미국에서 특허 침해 소송을 냈다 전자 가 스마트폰 사업 철수를 공식화한 이후 이른바 특허괴물들과 중국 제조사 등의 모바일통신기술 특허 매입 의사 타진도 이어지는 것으로 ,1
212,이낙연 백신 주권 또 하나의 안보 백신개발위 운영해야,0,이 자리에 참석한 이 전 대표는 반도체의 삼성전자 와 하이닉스 자동차의 현대 전기차 배터리의 화학 같은 글로벌 국내기업을 백신에서도 육성하자고 제창했다고 밝혔다 민주당 바이오헬스본부는 국회 ,1
213, 계의 잇딴 이재용 사면론 정세균 측 논의한 바 없다,0,이재용 삼성전자 부회장 연합뉴스 민주당 안규백 이원욱 의원 등 계정세균계 핵심 인사들이 잇따라 이재용 삼성 부회장의 사면을 주장하면서 정치권 안팎에선 정세균 전 총리의 의중이 반영된 것 아니냐는 ,1
214,이낙연 백신주권이 또 하나의 안보 백신개발위원회 만들자 ,0,그는 반도체의 삼성전자 와 하이닉스 자동차의 현대 전기차 배터리의 화학 같은 글로벌 국내 기업을 백신 분야에서도 육성해야 한다 며 그러기 위해 이번 또는 다음 정부에서 대통령 직속 백신개발위원회를 ,1
215,이낙연 대통령 직속 백신개발위 운영해야 ,0,전하며 반도체의 삼성전자 와 하이닉스 자동차의 현대 전기차 배터리의 화학 같은 글로벌 국내기업을 백신에서도 육성하자고 제창했다 고 적었다 이어 그는 그러기 위해 이번 또는 다음 정부에서 대통령 직속 ,1
216,이낙연 백신이 또 하나의 안보 대통령 직속 백신개발위 운영해야,0,이 전 대표는 일 사회관계망서비스 에서 반도체의 삼성전자 와 하이닉스 자동차의 현대 전기차 배터리의 화학 같은 글로벌 국내기업을 백신분야에서도 육성하자 며 그러기 위해 이번 또는 다음 정부에서 대통령 ,1
217,이낙연 백신 제약 강으로 도약시킬 것 ,1,그러면서 반도체의 삼성전자 와 하이닉스 자동차의 현대 전기차 배터리의 화학 같은 글로벌 국내기업을 백신에서도 육성하자 라며 그러기 위해 이번에 또는 다음 정부에서 대통령 직속 백신개발위원회를 운영하길 ,1
218, 헐 년 묵은 세탁기의 찌든 때를 보았다,1,고장을 잡아낸 김영환 삼성전자 서비스 케어마스터가 바로 부품 교체에 들어갔다 원래 강남지역 최고의 기사였던 그가 몇분 뚝딱뚝딱하더니 금세 수리가 된다 수리와 케어가 원스톱으로 해결되는 본사 엔지니어의 ,1
219,뉴 삼성 선언 년총수 부재로 투자 확대인재 영입 지연,0,끊임없는 혁신과 기술력으로 가장 잘할 수 있는 분야에 집중하면서도 신사업에 과감하게 도전하겠습니다 이재용 삼성전자 부회장은 지난해 월 일 뉴 삼성 을 선언하면서 이같이 말했다 그로부터 년이 지난 지금 ,1
220,이낙연 대통령 직속 백신개발위원회 운영 제안,0,그는 반도체의 삼성전자 와 하이닉스 자동차의 현대 전기차 배터리의 화학 같은 글로벌 국내기업을 백신에서도 육성하자 며 그러기 위해 이번에 또는 다음 정부에서 대통령 직속 백신개발위원회를 운영하길 바란다 ,1
221,자본시장 속으로 주가는 얼마나 오를까,1,그러나 삼성전자 주식이 로 액면분할하기 전을 생각해보자 주당 만 원대는 비쌌고 지금은 만 원대니 단번에 싸다고 말할 수 없다 기업 가치인 주가는 동종기업과 비교하거나 회사가 속한 산업의 규모 ,1
222,유형별로 본 기업 차이나 리스크텐센트 투자받은 콘텐츠 업계 좌불안 ,0,유형 정부 굴기에 휘청 약진에 반도체 기업 불안 삼성전자 를 비롯한 국내 반도체 업계는 요즘 살얼음판을 걷는 중이다 세계 최대 반도체 업체 인텔이 파운드리 시장 진출을 전격 선언하면서 위기감이 ,1
223,양승조 대권레이스 합류 예고 꿈틀대는 대권 잠룡들,1,반도체의 삼성전자 와 하이닉스 자동차의 현대 전기차 배터리의 화학 같은 글로벌 국내기업을 백신에서도 육성하자고 제창했다고 밝혔다 이어 그러기 위해 이번에 또는 다음 정부에서 대통령 직속 ,1
224, 분기부터 램 슈퍼사이클 본격화,0, 램과 낸드플래시는 메모리반도체로 삼성전자 와 하이닉스 등 국내 반도체 기업들의 주력제품이다 이들 가격 변동에 따라 해당 기업들의 실적이 좌우된다 이번 램 고정거래가격 상승폭은 직전 반도체 ,1
225, 개국 청소년 교육에 지원 삼성 솔브 포 투모로우 주년,0,이후 참여국가는 개국으로 늘어났고 전 세계 참여 학생 수만 만여명에 달하는 등 삼성전자 대표 사회공헌 프로그램으로 자리매김했다 삼성 솔브 포 투모로우에 참가하는 학생들은 사회 문제 해결 방법을 찾는 ,1
226,우아한형제들 김봉진 의장 저소득층 학생 만명에 노트북 지원,0,이어 삼성전자 와 전자 에도 감사한 마음을 전한다 와 램 수급에 전세계적으로 어려움이 많다고 하는데 이번 기부를 위해 우선적으로 많은 도움을 주신데 대해 감사드린다 고 덧붙였다 희망브리지 송필호 회장은 전 ,1
227,이낙연 백신 주권이 안보한국 강으로 도약시킬 것,1,그는 반도체의 삼성전자 와 하이닉스 자동차의 현대 전기차 배터리의 화학 같은 글로벌 국내기업을 백신에서도 육성하자며 그러기 위해 이번에 또는 다음 정부에서 대통령 직속 백신개발위원회를 운영하길 ,1
228, 삼성전자 미성년 주주 만명 년새 배 증가,0,주주 비율 대 대로 양성모 기자 사진장은영 기자 삼성전자 주식을 보유한 미성년 주주 수가 최근 년간 배 가까이 증가했다 액면분할에 따른 접근성 증가와 더불어 동학개미운동 영향으로 ,1
229,이낙연 백신주권이 안보 아프게 깨달아백신 강 도약 ,1,그는 반도체의 삼성전자 와 하이닉스 자동차의 현대 전기차 배터리의 화학 같은 글로벌 국내기업을 백신에서도 육성하자 며 그러기 위해 이번에 또는 다음 정부에서 대통령 직속 백신개발위원회를 운영하길 바란다 ,1
230,이낙연 대통령 직속 백신개발위 운영하길 바란다 ,0,이 전 대표는 이날 자신의 페이스북에 어제 바이오헬스산업 발전전략 발간기념식에서 저는 대한민국을 미국 영국 독일에 이은 백신제약 강으로 도약시키겠다고 다짐했다 면서 반도체의 삼성전자 와 하이닉스 ,1
231, 이재용 사면 찬성 여론에도선 긋는 이유,1,경제종교계뿐 아니라 정치권까지 제기된 이재용 삼성전자 부회장 사면론에 문재인 대통령이 침묵을 이어가고 있다 국정농단 사건 연루로 이 부회장이 실형을 선고받고 복역 중인 만큼 이명박박근혜 전 대통령 사면 ,1
232,대만에 청구서 내민 바이든 에 반도체 먼저 달라 매일 요구,1,바이든 대통령은 지난달 일 백악관에서 화상으로 연 미국 내 반도체 공급망 강화 회의에 삼성전자 인텔 등 세계 주요 반도체 회사와 자동차테크 기업 경영진을 불러모아 미국 내 반도체 생산 라인을 ,1
233,영상 램값 고공행진 삼성전자 하이닉스 방긋,0, 삼성전자 와 하이닉스 는 전 세계 램 시장에서 에 달하는 시장 점유율을 기록하고 있습니다 삼성전자 와 하이닉스의 실적이 크게 개선될 것이라고 기대하는 이윱니다 트렌드포스는 올 하반기에도 ,1
234,우리베트남은행 사업 확장 원동력은 아낌없는 투자,0,기존 박닌지점은 삼성전자 출장소로 전환하여 옌퐁 공업단지 내 고객들에게 금융서비스를 계속 제공할 예정이다 우리은행은 년 월 박닌 지점을 신설하고 옌퐁 공업단지에서 삼성전자 등 기업고객 대상으로 ,1
235,한국 세계 위 제조업 경쟁력이 코로나 위기 경제 버팀목,0, 삼성전자 의 클린룸 반도체 생산라인 부산일보 경제성장률전년동기비 및 실업률 분기별 추이 한국 산업연구원 제공 제조업 비중과 년 성장률 감소폭 및 실업률 증가정도 주 ,1
236,계속 오르는 반도체 값 삼성전자 하이닉스 즐거운 비명,1,이에 따라 전 세계 램 시장 점유율 를 차지하는 삼성전자 와 하이닉스 의 실적 개선이 기대된다 일 관련업계에 따르면 램 가격은 비수기인 분기부터 상승세를 보였다 대만의 시장조사기관 ,1
237,이낙연 백신주권 또 하나의 안보백신 개발능력 중요 ,1,반도체의 삼성전자 와 하이닉스 자동차의 현대 전기차 배터리의 화학 같은 글로벌 국내기업을 백신에서도 육성하자고 제창했다 며 그러기 위해 이번에 또는 다음 정부에서 대통령 직속 백신개발위원회를 ,1
238,머스크도 고민중인 탄소 감축 기술 한국도 개발 시동,0,반도체 업계 관계자는 삼성전자 의 지난해 온실가스배출량 은 만 이었지만 가 온실가스로 분류되면 온실가스배출량이 최대 까지도 늘어날 수 있다며 대체물질 개발이 반드시 필요한 상황라고 ,1
239,의료기기부터 건기식까지가정의달 선물 트렌드 건강,0,또한 삼성전자 전자 행사 모델을 구매한 고객에게 전문 트레이너와 함께하는 홈 트레이닝 라이브 개월권을 증정한다 어린이날 선물에도 건강 키워드가 빠지지 않는다 마켓컬리에 따르면 건강기능식품이 ,1
240,이낙연 백신주권도 안보대통령 직속 백신개발위 운영해야,0,또한 발간기념식에서 대한민국을 미국 영국 독일에 이은 백신제약 강으로 도약시키겠다고 다짐했다며 반도체의 삼성전자 와 하이닉스 자동차의 현대 전기차 배터리의 화학 같은 글로벌 국내기업을 ,1
241,이낙연 이번 또는 다음 정부서 대통령 직속 백신개발 운영하길 ,1,이 전 대표는 반도체의 삼성전자 와 하이닉스 자동차의 현대 전기차 배터리의 화학 같은 글로벌 국내기업을 백신에서도 육성하자고 제창했다 며 이번에 우리는 아프게 깨달았다 백신이 인류에게 공유되지 못하는 ,1
242, 하이닉스 인수 국가 경제 위한 것 최태원의 선견지명에 웃는 ,1,최 회장은 임원 회의에서 의 미래뿐 아니라 국가 기간산업을 위한 것 이라며 삼성 이 반도체 시장에서 글로벌 톱을 유지하려면 세컨티어도 한국 기업에서 받쳐줘야 가능하다 그렇게 되면 한국 기업들이 함께 ,1
243,이낙연 백신개발 중요성 아프게 깨달아백신제약 강 되자 ,1,이 전 대표는 이날 오전 자신의 페이스북을 통해 구체적인 전략으로 반도체의 삼성전자 와 하이닉스 자동차의 현대 전기차 배터리의 화학 같은 글로벌 국내기업을 백신에서도 육성하자 그러기 위해 이번 또는 다음 ,1
244,비즈마켓 롯데백화점 현대백화점 이마트 롯데면세점 롯데칠성음료 ,1,아이들이 어려운 환경에서도 희망을 가지고 열심히 공부했으면 좋겠다 면서 삼성전자 와 전자 에도 감사한 마음을 전한다 와 램 수급에 전 세계적으로 어려움이 많다고 하는데 이번 기부를 위해 우선적으로 많은 ,1
245,이낙연 백신주권도 안보 아프게 깨달아백신제약 강 되자 ,1,이 전 대표는 이날 오전 자신의 페이스북을 통해 구체적인 전략으로 반도체의 삼성전자 와 하이닉스 자동차의 현대 전기차 배터리의 화학 같은 글로벌 국내기업을 백신에서도 육성하자 그러기 위해 이번 또는 다음 ,1
246, 만 만원 갤폴드 만 만원 갤플립 폴더블 반값 시대,0,폴더블폰 반값 시대로 본격적인 대중화 삼성전자 의 폴더블접히는 스마트폰이 저렴해지고 있다 년에 출시된 갤럭시폴드의 경우 출고가 반값이 됐다 갤럭시 플립 갤럭시 폴드 등 지난해 출시된 ,1
247,이낙연 이번 또는 다음 정부서 대통령 직속 백신개발위원회 운영해야 ,0,그러면서 반도체의 삼성전자 와 하이닉스 자동차의 현대 전기차 배터리의 화학 같은 글로벌 국내기업을 백신에서도 육성하자고 제창했다 고 했다 이 전 대표는 바이오헬스산업 발전전략 이라는 두툼한 책 ,1
248,정수기 시장 성수기 돌입 삼성 진출 변수되나,0,올해는 삼성전자 의 시장 진출 등 변수가 발생해 변화한 소비 트렌드에 적응하는 것이 최우선적요건으로 작용할 전망이다 일 관련 업계에 따르면 통상 월은 연간 정수기 판매량이 가장 많은 시기다 다른 기간보다 ,1
249, 압박에 연일 샌드위치 삼성 행보에도 촉각,0,이에 앞서 조 바이든 미국 대통령은 지난달 일 백악관에서 삼성전자 를 비롯해 와 자동차 등 개 글로벌 기업을 소집해 직접 반도체 화상회의를 주재하고 미국내 반도체 투자를 촉구하기도 했다 는 최근 미국 ,1
250,메쉬코리아 김승민 최고재무 책임자 선임,1,이를 위해 삼성전자 출신 김승민 전무 최고운영 책임자를 최고재무 책임자 로 선임했다고 전했다 이에 따라 지난 월 메쉬코리아의 로 부임한 김승민 전무는 부임 개월 만에 와 직을 겸직 ,1
251, 삼성 하만 솔루션 테스트 지원랩 구축,0, 환경서 다양한 테스트인증 가능 통신사칩 제조사 등 솔루션 출시 도와 삼성전자 의 전장사업 자회사 하만이 세대 이동통신 솔루션을 검증할 수 있는 테스팅 랩을 구축했다 솔루션의 상용화를 돕고 ,1
252,일산가구단지 루헨퍼니처 통 가죽소파포세린식탁세트 가정의달 프로모션,0,파주 운정가구단지 루헨퍼니처는 삼성전자 제휴 기념으로 추가 사은 행사도 진행하고 있다 자사 제품 구입 후 삼성 디지털프라자에서 제품 구매 시 사은 행사도 진행 중이다 한편 자세한 정보와 기타 문의 사항은 ,1
253,메쉬코리아 본격 투자유치 추진 위해 김승민 최고재무 책임자 선임,0,이를 위해 삼성전자 출신 김승민 전무 최고운영 책임자를 최고재무 책임자 로 선임했다고 일 밝혔다 이에 따라 지난 월 메쉬코리아의 로 부임한 김승민 전무는 부임 개월 만에 와 직을 겸직 ,1
254,메쉬코리아 김승민 최고재무 책임자 선임 본격 투자유치 추진,0,이를 위해 삼성전자 출신 김승민 전무 최고운영 책임자를 최고재무 책임자 로 선임했다고 밝혀 눈길을 끌었다 이에 따라 지난 월 메쉬코리아의 로 부임한 김승민 전무는 부임 개월 만에 와 직을 ,1
255,메쉬코리아 김승민 최고재무 책임자 선임본격 투자유치 추진,0,이를 위해 삼성전자 출신 김승민 전무 최고운영 책임자를 최고재무 책임자 로 선임했다 이에 따라 지난 월 메쉬코리아의 로 부임한 김승민 전무는 부임 개월 만에 와 직을 겸직 수행한다 ,1
256,이낙연 이번 또는 다음 정부서 대통령 직속 백신개발위 운영해야 ,1,그는 어제 발간기념식에서 저는 대한민국을 미국 영국 독일에 이은 백신제약 강으로 도약시키겠다고 다짐했다며 반도체의 삼성전자 와 하이닉시 자동차의 현대 전기차 배터리의 화학 같은 ,1
257, 이재용 사면 기존 입장과 같다 ,0,청와대가 이재용 삼성전자 부회장 특별사면과 관련해 기존 입장과 같다 고 밝혔습니다 청와대 핵심 관계자는 어제 춘추관에서 기자들과 만나 여권에서 제기되고 있는 이 부회장 사면에 대해 현재로서도 마찬가지 대답 ,1
258,이낙연 대통령 직속 백신개발위 운영해야 ,0,반도체의 삼성전자 와 하이닉스 자동차의 현대 전기차 배터리의 화학 같은 글로벌 국내기업을 백신에서도 육성하자고 제창했다 며 이같이 강조했다 이 전 대표는 바이오헬스산업 발전전략 은 민주당 국난극복 ,1
259,국민주 삼성전자 미성년주주 년간 배 만명 소액주주 만명,0,대한민국 대장주 국민주 수식어를 달고 다니는 삼성전자 의 대 미만 미성년 주주 수가 최근 년간 배가량 급증한 것으로 집계됐다 일 한국예탁결제원 증권정보포털 세이브로에 따르면 지난해 말 기준 ,1
260,청와대 이재용 사면론에 답변 이전과 같다 부인,0,청와대는 일 여권을 중심으로 다시 일고 있는 이재용 삼성전자 부회장의 사면과 관련해 언급을 꺼렸다 청와대 핵심 관계자는 이날 춘추관에서 기자들과 만나 이 부회장의 사면론이 이원욱양향자 더불어민주당 의원과 ,1
261, 삼성전자 미성년 주주 비율 대로 급증 년간 천명 만명,0, 삼성전자 주식을 보유한 대 미만 미성년 주주 수가 최근 년간 배 가까이 증가했습니다 오늘 일 한국예탁결제원 증권정보포털 세이브로에 따르면 지난해 말 기준 삼성전자 의 대 미만 주주는 ,1
262,여당에서도 요청하는데 이재용 사면에 단호한 청와대 국회 과방위원장 ,0,수감중인 이재용 삼성전자 부회장에 대한 사면 건의가 이어지고 있는 가운데 청와대가 다시 한 번 단호하게 선을 그어 그 배경에 관심이 쏠리고 있다 경제 단체와 종교계에 이어 여당 소속인 국회 ,1
263,실밸레이더 미국과 의 밀월이 의미하는 것은,1,미국과 대만 의 밀월 관계가 강화되면 파운드리 시장 위인 삼성전자 에게 좋을 것이 없습니다 현재 삼성전자 는 미국 내 반도체 투자를 저울질하고 있지만 아직 결정을 하지 못한 상태입니다 최근엔 미국의 인텔도 ,1
264,이낙연 이재용 사면 질문에 언젠가는 검토할 수 있을 것,1,더불어민주당 이낙연 전 대표가 최근 재계와 보수 언론에서 집중적으로 분위기를 조성하고 있는 이재용 삼성전자 부회장 사면론 검토 가능성을 언급했다 이 전 대표는 일 국회에서 기자들과 만나 대통령 고유 권한이라 ,1
265,블로터언팩중성적 매력 봄 타는 아이폰 퍼플,0,애플의 경쟁사 삼성전자 만 하더라도 올해 출시한 스마트폰 갤럭시 시리즈에 보라색 팬텀 바이올렛을 포함했고 무선 이어폰 갤럭시 버즈 프로에도 최근 해당 색상을 입힌 에디션을 출시했다 고가의 폴더블 스마트폰 ,1
266,봉담지구 송산그린시티 등 화성 수원 일대 지난달 일 개통된 봉담송산 ,1,풍부한 유동인구와 배후수요 모두 갖추고 있는 수원 호매실 지구 역시 삼성전자 수원캠퍼스 인접 입지와 쾌적한 정주 여건으로 선호 주거지로 부상했다 과천봉담 도시고속화도로를 통해 강남까지 분대에 이동이 ,1
267, 실적 잔치는 끝났다 분기 흑자에 드리운 분기 그림자,0, 삼성전자 와 하이닉스 등 대표 반도체 기업도 안팎의 실적 상승률을 보여줬고 에쓰오일 억 원과 현대제철 억 원 등 적자를 이어오던 기업도 흑자 신호탄을 쐈다 화학 미래기술연구센터 연구원들이 신규 ,1
268, 인생을 바꾸는 생각정리스킬 복주환의 당신의 생각을 정리해드립니다,1, 삼성전자 선정 교육 만족도 위 강사이자 법무연수원 검사 대상 초빙교수로 위촉받았다 베스트셀러 생각정리스킬 시리즈의 저자로 생각정리스킬 생각정리스피치 생각정리기획력 모두 쇄를 넘겼고 ,1
269,대만 미국에 반도체 공장 개 더 짓는다한국은,0,도널드 트럼프 미국 대통령의 승리로 평가되기도 했다 이어 등장한 바이든 행정부도 대만에 미국에 더 많은 투자를 할 것을 요구하고 있다 한편 미국 백악관은 한국의 삼성전자 에도 같은 요청을 한 것으로 알려졌다 ,1
270, 년 애플 접는 아이폰 나온다 시기 못박은 레터 투자자에 보낸 궈밍치,0,스마트폰 시장의 영원한 경쟁자 삼성전자 와 애플 이들 기업이 신제품을 출시할 때마다 전 세계는 늘 주목했다 스마트폰 시장이 포화 상태에 이르고 성능과 기능 등이 평준화 되면서 스마트폰 선두 업체는 늘 ,1
271,북미 파운드리는 안마당 삼성전자 나노공정으로 공략하나,0, 삼성전자 파운드리반도체 위탁생산사업부가 나노급 반도체를 앞세워 대만 파운드리기업 가 특히 강세를 보이는 북미 반도체시장에서 점유율을 확대할 수 있을까 북미에는 세계적으로도 규모가 큰 ,1
272,수십억 참가비는 어떻게 삼성 이통 사 불참할 듯,0, 텔레콤과 삼성전자 역시 공식적으로는 정해진 것이 없다는 입장이지만 업계에서는 참석을 하더라도 오프라인에서 부스를 꾸리는 것은 어려울 것으로 본다 가 개최되는 스페인의 경우 오는 월까지 전국민의 ,1
273,써봤다 우리 아빠가 게이머였다니,1,허락보다 용서가 빠르다 어린 시절 부모님이 당시 인기 있던 컴보이패미컴 대신 삼성전자 에서 나왔단 이유로 알라딘보이메가드라이브를 사주시는 바람에 얼떨결에 세가 팬이 됐다 이후 당대의 라이벌 ,1
274,구자근 의원 산자부 장관후보자 인사청문회 잇따른 송곳 질의 화두,0,구 의원은 최초로 자녀 증여세 탈세문제를 제기해 장관의 사과를 이끌어 냈고 반도체 산업 진흥을 위한 이재용 삼성전자 부회장의 사면과 관련법 통과 촉구를 비롯해 문재인 정부의 신재생에너지 정책의 문제점을 ,1
275,정치쇼 김태현 변호사 보수성향으로 차별화 어깨 힘 빼야죠 ,1,그는 그러면서도 자신이 한때 몸담았던 삼성 그룹과 관련 이재용 삼성전자 부회장의 사면론에 대해 어떻게 생각하느냐고 묻자 사면이란 건 명분과 신뢰만 있으면 마구 쓸 수 있는 카드라고 본다 고 특유의 시원한 ,1
276,스페셜 인터뷰 당권 도전 권영세 반도체 미래 불확실 이재용 사면해 ,0,이런 상황에서 이재용 삼성전자 부회장의 사면은 꼭 필요하다고 생각한다 대 국회 대표적인 전략통으로 불리는 권영세 국민의힘 의원은 지난달 일 국회 의원회관에서 가진 뉴스핌과의 인터뷰에서 이 부회장의 ,1
277, 월 이후 어닝서프라이즈 담은 외국인 수익률 ,0, 삼성전자 현대모비스 하이닉스 카카오 네이버 순으로 높은 순매수세를 기록했다 이중 삼성전자 와 하이닉스를 제외하고는 모두 개월 전 시장 추정치보다 낮은 분기 실적을 내놨다 금융투자업계 ,1
278, 애플도 접는다 폴더블폰 출시설에 암초 만난 삼성 분석,1,스마트폰 부문 수익성 개선을 위해 폴더블폰 생태계 구축에 힘 쏟는 삼성전자 가 암초를 만났다 라이벌 애플의 폴더블폰 출시설이 제기됐기 때문이다 수익성 방어를 위해서는 고가 방침을 유지하면서 다양한 ,1
279, 해 뜨기 전 어둠 적자 지속 삼성 감자유증 카드 내놨다,1,평택의 삼성전자 반도체 공장 모듈 수주를 확대 경영정상화 기반을 더욱 견고히 다져나갈 계획 이라고 밝혔다 삼성 중공업은 이날 기업 설명 공시 자료를 통해 년 수주 증가에도 불구하고 해양프로젝트 수주 지연 ,1
280, 에서 나오는 이재용 사면론 검토계획 없다 ,0,청와대가 일 여권을 중심으로 다시 제기되고 있는 이재용 삼성전자 부회장 특별사면과 관련해 기존 입장과 같다 며 말을 아꼈다 청와대 핵심 관계자는 이날 오후 춘추관에서 기자들과 만나 이원욱양향자 더불어민주당 ,1
281, 사례분석 등급 낮은 키움증권의 투자 수익률은 최고 수준,0,키움올바른 는 우수한 평가를 받은 기업에 투자하는 펀드로 삼성전자 하이닉스 화학 등의 종목을 보유하고 있다 키움증권 내의 평가 우수 종목 미래가치 개선 종목 를 담은 자체 ,1
282, 월은 주린이 날 어린이 날 장난감 대신 주식 선물,0,해당 펀드도 삼성전자 와 하이닉스 엔터테인먼트 등 우량 대형주 위주로 꾸려져 있다 세 미만의 미성년자만 가입할 수 있는 펀드다 이밖에 대신자산운용과 자산운용 신한자산운용 등이 운용 중인 어린이펀드의 ,1
283, 아이에게 교훈이 된다 투자 고수가 꼽은 어린이날 선물 미국 주식 톱 ,0,미국에는 삼성전자 보다 좋은 주식이 개 이상 있습니다 우리나라가 못하는 핵심 기술들이 있습니다 예를 들어 모바일칩 클라우드 이런 것은 미국이 거의 독과점을 하고 있습니다 한국에는 없는 것들이니까 이런 ,1
284,이원욱은 띄우고 선 긋고이재용사면론 향배는,0,앞서 삼성전자 임원 출신 양향자 의원이 지난달 일 국회 대정부질문에서 반도체 패권경쟁을 거론하며 전쟁터에 나간 우리 대표기업은 진두지휘할 리더 없이 싸우고 있다 면서 에둘러 이 문제를 거론한 바 있다 선 ,1
285,데스크칼럼 세대 대기업 국가의 수평관계,1,미국 차량용 반도체 수급 문제를 두고 바이든 대통령이 삼성전자 를 소환했을 때 우리 국민은 왜 남의 나라 기업을 두고 저러냐는 불만이 없지 않았지만 미국에선 역내 공장을 가진 기업에 대해 로컬기업처럼 대하는 인식이 ,1
286,어린이 펀드 수익률 용돈으로 줘볼까,1,펀드는 삼성전자 하이닉스 빅히트 와이지엔터테인먼트 등 대형주를 중심으로 국내주식을 담고 있다 이어 자산운용의 사과나무펀드 자산운용의 어린이인덱스펀드 우리자산운용의 ,1
287, 년 수익률 용돈 대신 어린이 펀드 선물 어때요,1,지난 년 동안 높은 수익률을 낸 어린이 펀드 상품은 대체로 삼성전자 하이닉스 등 시가 총액 상위 종목을 담고 있었다 한국밸류 년투자어린이증권투자신탁 클래스의 년 수익률이 로 가장 ,1
288, 자사주 조 소각 와 합병 가능성 종지부,1, 텔레콤 관계자는 국내 대그룹 자사주 소각 사례 중 금액 기준으로는 삼성전자 에 이어 역대 두번째 규모라며 텔레콤 주주들이 보유중인 주식들의 가치가 올라갈 것이라고 밝혔다 실제 소각은 일 ,1
289,반도체백신 불안에여당도 이재용 사면 강력히 필요해 ,1,코로나 백신 수급 과정에서 미국을 유혹할 반도체 카드가 주목받는 가운데 이재용 삼성전자 부회장의 사면론이 무성하다 다만 되풀이되는 기업인 사면에 대한 여론의 반감 그리고 진행 중인 이 부회장의 ,1
290,시중은행 순혈주의 깨고 디지털 외부인재 영입 속도,0,김혜주 상무는 서울대에서 통계학 석사와 박사 과정을 수료했으며 텔레콤 등을 거쳐 삼성전자 담당 부장 융합사업담당 상무를 지낸 인물이다 그는 국내 세대 데이터 사이언티스트로 제조 ,1
291,김봉진 의장 저소득층 학생에 억 상당 노트북 만대 지원,0,낙인효과가 없도록 삼성전자 전자 의 고성능 제품으로 준비해 가정에 직접 전달하기로 했다 앞서 김 의장은 재산 절반 이상을 사회에 환원한다고 약속한 바 있다 이번 기부는 억원 규모로 추정되는 사회 환원의 첫 ,1
